date,super,expense,income,desc_norm,total_expense
2020-01-02,Food,1485.69,0.0,score each,1485.69
2020-01-02,Utilities,1475.58,0.0,quality throughout,1475.58
2020-01-04,Rent,1185.08,0.0,instead ahead despite measure ago,1185.08
2020-01-05,Investment,0.0,2291.0,information last everything thank serve,0.0
2020-01-13,Food,1126.88,0.0,future choice whatever from,1126.88
2020-01-14,Shopping/Ent,448.68,0.0,benefit suggest page southern,448.68
2020-01-18,Food,1520.03,0.0,by two bad fall pick,1520.03
2020-01-19,Other,0.0,3287.0,court attorney product significant world,0.0
2020-01-21,Shopping/Ent,1914.85,0.0,herself law,1914.85
2020-01-25,Rent,766.06,0.0,have decide environment,766.06
2020-01-25,Health,1211.41,0.0,play move each left establish,1211.41
2020-01-26,Income,1077.09,0.0,range successful simply,1077.09
2020-01-29,Shopping/Ent,166.81,0.0,source husband,166.81
2020-01-30,Health,1158.93,0.0,tree note responsibility,1158.93
2020-01-31,Food,1325.91,0.0,how trip learn enter,1325.91
2020-01-31,Rent,1712.08,0.0,much section investment on gun,1712.08
2020-01-31,Shopping/Ent,563.17,0.0,management sense technology check civil,563.17
2020-02-02,Health,333.68,0.0,as high you more wife,333.68
2020-02-04,Transport,1406.62,0.0,race mr,1406.62
2020-02-05,Rent,1222.17,0.0,born itself law west,1222.17
2020-02-05,Investment,0.0,1838.0,seven medical blood personal,0.0
2020-02-07,Transport,1979.15,0.0,current hear claim well two,1979.15
2020-02-07,Shopping/Ent,1372.38,0.0,food affect upon these story,1372.38
2020-02-08,Food,465.81,0.0,around there water,465.81
2020-02-08,Other,0.0,3786.0,staff within mouth call,0.0
2020-02-09,Shopping/Ent,1827.14,0.0,close month parent who up,1827.14
2020-02-11,Health,433.13,0.0,human public health,433.13
2020-02-13,Income,294.31,0.0,building different full open,294.31
2020-02-15,Other,0.0,4009.0,detail audience piece director town,0.0
2020-02-16,Shopping/Ent,730.37,0.0,method everything,730.37
2020-02-16,Utilities,1023.96,0.0,much rich think,1023.96
2020-02-18,Investment,0.0,1398.0,drug list imagine behind,0.0
2020-02-19,Investment,0.0,3958.0,interest level rock pull,0.0
2020-02-20,Shopping/Ent,769.42,0.0,i fund,769.42
2020-02-26,Transport,1942.45,0.0,court movie cell,1942.45
2020-02-27,Food,1363.76,0.0,leg themselves away,1363.76
2020-02-28,Other,0.0,3286.0,anything yourself,0.0
2020-02-28,Other,0.0,1795.0,unit support,0.0
2020-02-29,Transport,1944.06,0.0,magazine degree husband around,1944.06
2020-03-03,Rent,1742.33,0.0,world enter,1742.33
2020-03-04,Shopping/Ent,314.15,0.0,institution whatever yet,314.15
2020-03-04,Food,1201.9,0.0,choice father why often,1201.9
2020-03-09,Rent,1858.91,0.0,security arm,1858.91
2020-03-09,Transport,486.51,0.0,me system church whether,486.51
2020-03-11,Rent,180.45,0.0,attention attack technology,180.45
2020-03-11,Rent,1956.19,0.0,walk now often,1956.19
2020-03-12,Utilities,265.5,0.0,bank price north first end,265.5
2020-03-12,Utilities,537.46,0.0,enter capital population,537.46
2020-03-14,Shopping/Ent,1929.08,0.0,upon very act perform,1929.08
2020-03-15,Shopping/Ent,1428.77,0.0,available defense,1428.77
2020-03-18,Health,881.82,0.0,value thing these,881.82
2020-03-21,Rent,503.33,0.0,citizen street region,503.33
2020-03-23,Investment,0.0,2385.0,property never,0.0
2020-03-23,Food,151.28,0.0,enough threat score,151.28
2020-03-24,Shopping/Ent,144.13,0.0,example decision garden,144.13
2020-03-28,Other,0.0,1080.0,major town suffer begin,0.0
2020-04-01,Transport,1341.27,0.0,analysis four capital,1341.27
2020-04-05,Utilities,1449.47,0.0,scientist necessary into,1449.47
2020-04-06,Income,493.56,0.0,away third,493.56
2020-04-06,Shopping/Ent,388.92,0.0,along hard need involve among,388.92
2020-04-10,Other,0.0,3402.0,together decide,0.0
2020-04-17,Income,1729.04,0.0,government nice,1729.04
2020-04-17,Investment,0.0,996.0,see understand door class son,0.0
2020-04-18,Health,1603.18,0.0,agent say forward us,1603.18
2020-04-22,Investment,0.0,2058.0,city red him,0.0
2020-04-23,Utilities,849.54,0.0,develop staff least figure,849.54
2020-04-25,Shopping/Ent,1750.23,0.0,age cover foreign,1750.23
2020-04-26,Investment,0.0,914.0,go meeting quickly,0.0
2020-04-26,Food,1938.3,0.0,voice boy wife condition,1938.3
2020-04-27,Shopping/Ent,340.96,0.0,board its,340.96
2020-04-27,Shopping/Ent,1730.65,0.0,paper memory history office,1730.65
2020-04-29,Utilities,764.16,0.0,remember ability,764.16
2020-04-30,Transport,1853.77,0.0,hair attorney professional,1853.77
2020-05-01,Transport,851.78,0.0,finish summer rest feel finally,851.78
2020-05-03,Income,318.05,0.0,i fast camera inside,318.05
2020-05-03,Food,1162.57,0.0,past feeling nature,1162.57
2020-05-05,Health,123.76,0.0,expert involve oil,123.76
2020-05-06,Utilities,123.19,0.0,kid put memory soldier,123.19
2020-05-06,Utilities,146.36,0.0,exist professional,146.36
2020-05-07,Investment,0.0,3807.0,stand seem,0.0
2020-05-11,Investment,0.0,825.0,southern challenge animal,0.0
2020-05-12,Shopping/Ent,1318.17,0.0,sure authority increase picture create,1318.17
2020-05-13,Health,1870.07,0.0,hundred challenge reach throughout,1870.07
2020-05-14,Health,484.99,0.0,despite sound receive let,484.99
2020-05-15,Transport,919.88,0.0,true building card,919.88
2020-05-16,Rent,28.54,0.0,write other wear through partner,28.54
2020-05-17,Rent,155.79,0.0,store natural today season,155.79
2020-05-19,Transport,273.59,0.0,else easy point she,273.59
2020-05-20,Rent,1759.75,0.0,phone ever back experience,1759.75
2020-05-21,Utilities,881.99,0.0,floor music catch discuss,881.99
2020-05-25,Transport,1227.24,0.0,ask imagine my,1227.24
2020-05-27,Food,1339.05,0.0,deal information,1339.05
2020-05-28,Rent,1878.47,0.0,task she,1878.47
2020-05-29,Investment,0.0,1376.0,accept goal send table,0.0
2020-05-30,Utilities,551.97,0.0,section national owner determine detail,551.97
2020-05-31,Health,415.16,0.0,ahead from quickly identify,415.16
2020-05-31,Transport,1015.76,0.0,try wonder move trade,1015.76
2020-06-01,Food,193.67,0.0,base investment,193.67
2020-06-02,Transport,97.73,0.0,anyone here deep,97.73
2020-06-05,Utilities,1277.86,0.0,seven here sell story,1277.86
2020-06-06,Income,1107.84,0.0,like see,1107.84
2020-06-07,Food,232.63,0.0,difference attention whatever american,232.63
2020-06-08,Utilities,1095.72,0.0,current after charge,1095.72
2020-06-09,Utilities,865.28,0.0,prove nor design record,865.28
2020-06-09,Other,0.0,826.0,paper white responsibility,0.0
2020-06-10,Shopping/Ent,1367.31,0.0,blue agent find,1367.31
2020-06-10,Health,1562.43,0.0,walk cup option store,1562.43
2020-06-11,Shopping/Ent,1947.94,0.0,recent feeling,1947.94
2020-06-11,Shopping/Ent,1730.57,0.0,site girl into have media,1730.57
2020-06-12,Utilities,1764.02,0.0,support state,1764.02
2020-06-14,Other,0.0,3872.0,whether player stock religious,0.0
2020-06-15,Shopping/Ent,540.94,0.0,safe whole establish,540.94
2020-06-18,Rent,771.26,0.0,let stay or focus,771.26
2020-06-18,Other,0.0,2322.0,everything late,0.0
2020-06-18,Other,0.0,3364.0,particular her agreement surface consider,0.0
2020-06-19,Shopping/Ent,453.62,0.0,something future they red,453.62
2020-06-19,Shopping/Ent,663.24,0.0,act way beat result major,663.24
2020-06-21,Transport,708.78,0.0,position make society behavior,708.78
2020-06-21,Health,1879.08,0.0,reality fill ok list,1879.08
2020-06-22,Other,0.0,1962.0,international second former reflect,0.0
2020-06-22,Transport,86.13,0.0,edge building court,86.13
2020-06-24,Health,1459.8,0.0,week real course school everybody,1459.8
2020-06-30,Rent,776.54,0.0,executive beyond create dinner conference,776.54
2020-06-30,Transport,98.33,0.0,call animal approach factor want,98.33
2020-07-02,Shopping/Ent,734.8,0.0,their off,734.8
2020-07-03,Other,0.0,3071.0,key continue anything wait,0.0
2020-07-04,Rent,1442.31,0.0,state husband,1442.31
2020-07-05,Transport,1337.12,0.0,picture approach chance none fight,1337.12
2020-07-06,Transport,1113.28,0.0,newspaper indicate other,1113.28
2020-07-06,Other,0.0,1925.0,herself training father open investment,0.0
2020-07-08,Transport,818.09,0.0,art whether between several personal,818.09
2020-07-11,Transport,580.96,0.0,church community,580.96
2020-07-12,Health,935.33,0.0,able late order,935.33
2020-07-12,Shopping/Ent,1027.24,0.0,discuss religious,1027.24
2020-07-13,Utilities,1321.11,0.0,reach under,1321.11
2020-07-17,Health,195.84,0.0,boy different chance enter,195.84
2020-07-20,Shopping/Ent,1348.86,0.0,arrive society,1348.86
2020-07-21,Shopping/Ent,303.23,0.0,keep light fight,303.23
2020-07-21,Other,0.0,1096.0,matter management ball,0.0
2020-07-22,Shopping/Ent,1439.51,0.0,same page ago director,1439.51
2020-07-22,Shopping/Ent,495.53,0.0,week yourself public especially american,495.53
2020-07-22,Food,1786.39,0.0,million kind everything young,1786.39
2020-07-23,Rent,1559.06,0.0,why like impact fly,1559.06
2020-07-24,Income,109.93,0.0,form really explain,109.93
2020-07-28,Rent,918.36,0.0,already because education break significant,918.36
2020-07-28,Health,1900.58,0.0,price my,1900.58
2020-07-29,Shopping/Ent,1662.83,0.0,could gun,1662.83
2020-07-30,Utilities,1489.87,0.0,kind appear environment capital explain,1489.87
2020-07-31,Transport,1506.04,0.0,ahead picture son,1506.04
2020-08-01,Other,0.0,2420.0,relate indeed lot line lead,0.0
2020-08-01,Transport,1533.97,0.0,nearly need behavior,1533.97
2020-08-01,Shopping/Ent,556.45,0.0,water positive child usually,556.45
2020-08-02,Health,1787.12,0.0,course out second carry,1787.12
2020-08-03,Investment,0.0,2394.0,significant take future,0.0
2020-08-04,Utilities,1415.77,0.0,star executive fear,1415.77
2020-08-04,Other,0.0,3210.0,your majority chance mrs generation,0.0
2020-08-04,Shopping/Ent,133.91,0.0,help usually thank wonder draw,133.91
2020-08-05,Shopping/Ent,1810.63,0.0,task improve fish,1810.63
2020-08-05,Food,1714.9,0.0,history professional star wonder,1714.9
2020-08-06,Shopping/Ent,959.19,0.0,call whole,959.19
2020-08-08,Transport,1509.42,0.0,them key,1509.42
2020-08-08,Shopping/Ent,1081.06,0.0,address century that wide,1081.06
2020-08-09,Shopping/Ent,981.58,0.0,sit enter perhaps however,981.58
2020-08-13,Income,67.76,0.0,system teacher here first,67.76
2020-08-14,Shopping/Ent,1451.12,0.0,along attention piece tv young,1451.12
2020-08-16,Utilities,1961.64,0.0,within set region beyond,1961.64
2020-08-17,Shopping/Ent,1187.87,0.0,tough animal someone,1187.87
2020-08-18,Rent,1289.07,0.0,hear certainly most not,1289.07
2020-08-19,Other,0.0,1988.0,company participant him,0.0
2020-08-20,Other,0.0,3181.0,tree central leave effect,0.0
2020-08-21,Health,681.63,0.0,together let,681.63
2020-08-21,Transport,1506.5,0.0,citizen kid generation onto police,1506.5
2020-08-22,Transport,1671.47,0.0,lead few yourself,1671.47
2020-08-22,Food,1999.82,0.0,down occur,1999.82
2020-08-26,Rent,1564.65,0.0,yeah far within,1564.65
2020-08-27,Food,1899.73,0.0,account ten sing,1899.73
2020-08-27,Investment,0.0,1748.0,seat strategy total simply discover,0.0
2020-08-29,Income,1342.22,0.0,pm per question,1342.22
2020-08-30,Shopping/Ent,935.42,0.0,best physical always small almost,935.42
2020-08-31,Health,343.9,0.0,bed far section,343.9
2020-09-01,Rent,1557.81,0.0,car much will,1557.81
2020-09-05,Other,0.0,1385.0,tree store either station,0.0
2020-09-05,Transport,1155.84,0.0,second full boy,1155.84
2020-09-06,Shopping/Ent,799.34,0.0,senior difficult put,799.34
2020-09-07,Rent,1188.27,0.0,hand so add mr lawyer,1188.27
2020-09-08,Shopping/Ent,212.78,0.0,herself police he push likely,212.78
2020-09-11,Food,700.94,0.0,bring animal also you,700.94
2020-09-11,Health,147.22,0.0,doctor mr,147.22
2020-09-11,Rent,1594.49,0.0,trip determine as statement,1594.49
2020-09-16,Food,1700.66,0.0,he we recent music,1700.66
2020-09-17,Rent,872.71,0.0,those pressure street,872.71
2020-09-17,Income,1417.54,0.0,allow have kitchen,1417.54
2020-09-18,Transport,1235.67,0.0,between rate name within,1235.67
2020-09-18,Income,935.1,0.0,huge couple,935.1
2020-09-22,Transport,651.39,0.0,begin deep police wife,651.39
2020-09-22,Rent,565.07,0.0,during call north attention,565.07
2020-09-22,Income,1144.0,0.0,only spend do,1144.0
2020-09-23,Health,67.11,0.0,able teach certain candidate economy,67.11
2020-09-23,Utilities,980.22,0.0,produce ago,980.22
2020-09-25,Transport,687.27,0.0,so draw food company,687.27
2020-09-27,Transport,1116.02,0.0,score moment second,1116.02
2020-09-27,Shopping/Ent,180.37,0.0,sing message board mean,180.37
2020-09-27,Income,1114.8,0.0,feeling poor all your suggest,1114.8
2020-09-29,Income,1295.35,0.0,make travel,1295.35
2020-09-30,Food,195.18,0.0,focus chance,195.18
2020-10-01,Shopping/Ent,619.35,0.0,person one republican,619.35
2020-10-03,Income,1111.41,0.0,most law painting between reduce,1111.41
2020-10-04,Health,710.1,0.0,involve thousand including,710.1
2020-10-07,Investment,0.0,2069.0,it season,0.0
2020-10-07,Transport,510.29,0.0,indeed believe interview professor,510.29
2020-10-07,Investment,0.0,3084.0,rather listen before,0.0
2020-10-08,Income,560.23,0.0,news only no,560.23
2020-10-08,Transport,1961.22,0.0,improve them wait,1961.22
2020-10-10,Transport,462.69,0.0,why outside,462.69
2020-10-10,Investment,0.0,4875.0,official defense,0.0
2020-10-10,Investment,0.0,946.0,suggest glass news,0.0
2020-10-12,Utilities,1279.36,0.0,off southern suddenly,1279.36
2020-10-14,Rent,1746.71,0.0,participant price,1746.71
2020-10-15,Income,962.64,0.0,congress reflect,962.64
2020-10-16,Food,512.43,0.0,go consider century price,512.43
2020-10-16,Rent,1646.01,0.0,scientist will begin,1646.01
2020-10-16,Rent,1158.27,0.0,heavy law church,1158.27
2020-10-18,Utilities,306.9,0.0,since nothing be apply,306.9
2020-10-19,Transport,179.51,0.0,anyone bank kitchen interest parent,179.51
2020-10-23,Shopping/Ent,1216.57,0.0,democratic mention generation,1216.57
2020-10-24,Shopping/Ent,1553.63,0.0,question or money,1553.63
2020-10-26,Income,601.73,0.0,determine worker,601.73
2020-10-27,Shopping/Ent,617.71,0.0,daughter war,617.71
2020-10-27,Rent,1895.7,0.0,face build market,1895.7
2020-10-27,Shopping/Ent,536.65,0.0,can mouth discover,536.65
2020-10-28,Investment,0.0,1923.0,author technology amount affect,0.0
2020-10-29,Utilities,15.32,0.0,office of remember individual,15.32
2020-10-30,Income,589.61,0.0,again foot soon peace,589.61
2020-10-31,Transport,1408.95,0.0,join black,1408.95
2020-11-01,Shopping/Ent,1848.58,0.0,hundred bad that second develop,1848.58
2020-11-01,Shopping/Ent,856.03,0.0,member box,856.03
2020-11-02,Utilities,1817.74,0.0,town glass road,1817.74
2020-11-04,Rent,128.68,0.0,bill eight community,128.68
2020-11-06,Transport,883.92,0.0,concern significant,883.92
2020-11-07,Transport,1402.47,0.0,senior service large under,1402.47
2020-11-09,Income,881.14,0.0,follow wife firm key light,881.14
2020-11-10,Shopping/Ent,1471.72,0.0,option goal avoid,1471.72
2020-11-10,Food,191.74,0.0,also hard expert popular,191.74
2020-11-12,Food,1999.15,0.0,order his oil west school,1999.15
2020-11-12,Transport,1156.73,0.0,training occur could painting,1156.73
2020-11-14,Utilities,946.3,0.0,whatever late specific,946.3
2020-11-14,Transport,371.16,0.0,mean common,371.16
2020-11-14,Income,1938.42,0.0,yard model particular hair,1938.42
2020-11-14,Shopping/Ent,673.28,0.0,impact full our smile,673.28
2020-11-15,Utilities,666.31,0.0,form newspaper,666.31
2020-11-15,Transport,1328.54,0.0,edge surface who,1328.54
2020-11-16,Food,915.1,0.0,bank professional true financial,915.1
2020-11-16,Health,240.68,0.0,organization visit finally,240.68
2020-11-17,Food,1318.74,0.0,spend prove stock school,1318.74
2020-11-20,Shopping/Ent,117.87,0.0,position interest,117.87
2020-11-22,Income,1254.56,0.0,guy congress,1254.56
2020-11-23,Shopping/Ent,541.44,0.0,way main difficult case,541.44
2020-11-25,Other,0.0,4089.0,such big side,0.0
2020-11-25,Income,251.64,0.0,product then,251.64
2020-11-26,Shopping/Ent,1422.47,0.0,heavy class story side speak,1422.47
2020-11-27,Food,1108.98,0.0,analysis hair rest wide,1108.98
2020-11-27,Investment,0.0,4280.0,doctor dream whole six,0.0
2020-11-29,Utilities,1001.77,0.0,question now key show,1001.77
2020-12-01,Transport,836.83,0.0,month whom stage soon,836.83
2020-12-05,Income,495.02,0.0,appear lose he,495.02
2020-12-05,Shopping/Ent,389.31,0.0,surface expect several evening town,389.31
2020-12-06,Utilities,1729.41,0.0,begin treat stage this,1729.41
2020-12-10,Shopping/Ent,686.35,0.0,apply maybe dog yes,686.35
2020-12-10,Transport,1642.89,0.0,agreement us stuff,1642.89
2020-12-11,Transport,1676.58,0.0,case expert stop,1676.58
2020-12-12,Income,1731.87,0.0,large accept bad eight,1731.87
2020-12-13,Income,696.8,0.0,vote participant institution simply down,696.8
2020-12-14,Shopping/Ent,916.14,0.0,draw police,916.14
2020-12-14,Shopping/Ent,1961.74,0.0,book toward,1961.74
2020-12-16,Shopping/Ent,474.79,0.0,place offer,474.79
2020-12-16,Food,643.17,0.0,investment pass drive,643.17
2020-12-16,Shopping/Ent,778.3,0.0,professor beat window,778.3
2020-12-18,Utilities,995.7,0.0,name skill medical after them,995.7
2020-12-18,Other,0.0,1322.0,wonder effect administration small,0.0
2020-12-20,Income,208.43,0.0,run pick sign,208.43
2020-12-20,Food,1447.66,0.0,and national spend,1447.66
2020-12-22,Utilities,158.91,0.0,wonder long consider care,158.91
2020-12-23,Transport,683.74,0.0,fall analysis,683.74
2020-12-23,Rent,1705.01,0.0,firm financial,1705.01
2020-12-24,Shopping/Ent,1908.74,0.0,list already positive experience television,1908.74
2020-12-25,Income,1746.04,0.0,event son join hundred,1746.04
2020-12-26,Investment,0.0,2423.0,fund cost reality happen,0.0
2020-12-28,Transport,1994.88,0.0,song risk bad,1994.88
2020-12-30,Shopping/Ent,1956.89,0.0,family bill foreign fast knowledge,1956.89
2020-12-31,Rent,892.92,0.0,ready goal amount,892.92
2021-01-01,Food,101.52,0.0,your ever woman way avoid,101.52
2021-01-06,Transport,723.34,0.0,message seek civil all,723.34
2021-01-06,Shopping/Ent,1067.02,0.0,call door,1067.02
2021-01-08,Utilities,348.27,0.0,him note painting quickly,348.27
2021-01-10,Other,0.0,2472.0,know baby case happen,0.0
2021-01-10,Utilities,472.06,0.0,economic box save,472.06
2021-01-11,Income,518.1,0.0,hit no energy employee land,518.1
2021-01-12,Other,0.0,2856.0,customer career available common,0.0
2021-01-13,Utilities,156.99,0.0,specific whose,156.99
2021-01-13,Transport,1281.49,0.0,remember nearly face feel,1281.49
2021-01-14,Transport,919.1,0.0,soldier meeting building,919.1
2021-01-14,Shopping/Ent,1708.14,0.0,door management guess,1708.14
2021-01-15,Other,0.0,3440.0,level work candidate this,0.0
2021-01-15,Transport,53.66,0.0,huge response long,53.66
2021-01-17,Shopping/Ent,556.22,0.0,statement available win politics,556.22
2021-01-17,Food,1822.13,0.0,quite general there sister,1822.13
2021-01-19,Transport,1553.72,0.0,item treat area,1553.72
2021-01-20,Health,445.82,0.0,check clearly follow remember generation,445.82
2021-01-24,Other,0.0,1620.0,suffer economy play,0.0
2021-01-26,Food,624.78,0.0,by field move,624.78
2021-01-27,Health,1467.4,0.0,option oil commercial,1467.4
2021-01-27,Other,0.0,3176.0,american tell ball we side,0.0
2021-01-27,Utilities,409.58,0.0,short indicate police,409.58
2021-01-27,Health,1066.4,0.0,nation politics few each southern,1066.4
2021-01-29,Utilities,521.37,0.0,law read citizen,521.37
2021-02-02,Income,1935.09,0.0,less future century technology,1935.09
2021-02-05,Health,1610.42,0.0,wish candidate have no,1610.42
2021-02-05,Rent,290.11,0.0,letter environment easy,290.11
2021-02-08,Shopping/Ent,1934.87,0.0,face his,1934.87
2021-02-08,Health,189.7,0.0,while total spend,189.7
2021-02-09,Transport,1077.78,0.0,couple city you level,1077.78
2021-02-09,Transport,1173.27,0.0,age war measure whom,1173.27
2021-02-11,Health,225.61,0.0,good anything manager think pressure,225.61
2021-02-11,Food,1242.9,0.0,mr suggest issue,1242.9
2021-02-13,Health,1831.36,0.0,shake hand hundred now,1831.36
2021-02-16,Rent,1274.45,0.0,network available mean share,1274.45
2021-02-18,Transport,1301.99,0.0,quite budget window hour some,1301.99
2021-02-19,Investment,0.0,804.0,voice sense current meeting matter,0.0
2021-02-20,Income,241.08,0.0,case four,241.08
2021-02-21,Utilities,783.41,0.0,lead paper middle foreign party,783.41
2021-02-23,Shopping/Ent,1178.81,0.0,wrong school federal from,1178.81
2021-02-24,Shopping/Ent,1313.29,0.0,majority none little admit former,1313.29
2021-02-27,Shopping/Ent,1878.72,0.0,on someone rise read,1878.72
2021-02-28,Health,442.37,0.0,listen whose situation simply officer,442.37
2021-03-02,Health,130.49,0.0,kid industry,130.49
2021-03-02,Shopping/Ent,1712.35,0.0,lose modern return simple herself,1712.35
2021-03-02,Other,0.0,4960.0,occur red,0.0
2021-03-04,Rent,1898.53,0.0,improve simple turn,1898.53
2021-03-05,Rent,1328.91,0.0,million night your,1328.91
2021-03-05,Food,110.65,0.0,heavy what least mouth national,110.65
2021-03-07,Utilities,1576.09,0.0,machine whatever everything fear walk,1576.09
2021-03-07,Shopping/Ent,1176.9,0.0,relate real major,1176.9
2021-03-08,Shopping/Ent,663.83,0.0,night various return explain,663.83
2021-03-09,Investment,0.0,2771.0,here woman stand west source,0.0
2021-03-09,Utilities,1975.18,0.0,explain research,1975.18
2021-03-10,Utilities,228.75,0.0,pretty section degree still,228.75
2021-03-12,Utilities,39.57,0.0,receive case past only drug,39.57
2021-03-15,Shopping/Ent,1181.82,0.0,point appear including,1181.82
2021-03-15,Other,0.0,929.0,race case,0.0
2021-03-16,Other,0.0,4809.0,imagine various there,0.0
2021-03-16,Investment,0.0,4401.0,sense expert experience,0.0
2021-03-17,Health,1031.34,0.0,present discussion,1031.34
2021-03-17,Investment,0.0,855.0,individual study value,0.0
2021-03-18,Transport,921.5,0.0,small control see the,921.5
2021-03-19,Food,1997.19,0.0,across nothing,1997.19
2021-03-20,Shopping/Ent,1375.33,0.0,expect writer myself management,1375.33
2021-03-21,Income,156.25,0.0,life cover both class,156.25
2021-03-22,Investment,0.0,1038.0,responsibility add front,0.0
2021-03-22,Other,0.0,3620.0,purpose cover particularly police if,0.0
2021-03-22,Transport,912.89,0.0,foreign husband believe word local,912.89
2021-03-23,Rent,1588.26,0.0,end dog,1588.26
2021-03-23,Investment,0.0,4023.0,few reveal activity president,0.0
2021-03-24,Shopping/Ent,833.49,0.0,property let,833.49
2021-03-25,Shopping/Ent,837.82,0.0,rather type thousand show,837.82
2021-03-26,Other,0.0,3060.0,happen determine whatever,0.0
2021-03-27,Health,1907.65,0.0,lawyer writer health,1907.65
2021-03-28,Income,143.6,0.0,serious soon stay seven,143.6
2021-03-29,Rent,869.43,0.0,land region back nor article,869.43
2021-03-30,Health,1625.42,0.0,dark mr clearly take,1625.42
2021-04-01,Health,1343.33,0.0,quite response,1343.33
2021-04-02,Shopping/Ent,1737.5,0.0,together knowledge,1737.5
2021-04-03,Transport,1204.82,0.0,car indeed nor next,1204.82
2021-04-03,Shopping/Ent,317.91,0.0,how staff,317.91
2021-04-03,Rent,706.73,0.0,authority interest red must art,706.73
2021-04-08,Rent,1527.59,0.0,all important shoulder she,1527.59
2021-04-08,Shopping/Ent,1691.86,0.0,year him thank trade,1691.86
2021-04-09,Food,1221.9,0.0,radio product,1221.9
2021-04-11,Transport,67.62,0.0,president girl condition,67.62
2021-04-11,Transport,1843.86,0.0,more road development about,1843.86
2021-04-12,Utilities,1741.03,0.0,leg rest interest,1741.03
2021-04-13,Shopping/Ent,148.47,0.0,easy get every,148.47
2021-04-18,Food,192.6,0.0,special information,192.6
2021-04-19,Shopping/Ent,845.47,0.0,deal beyond almost,845.47
2021-04-19,Health,630.16,0.0,scientist i doctor,630.16
2021-04-19,Rent,1767.85,0.0,cell year,1767.85
2021-04-19,Investment,0.0,1168.0,five our pull fly few,0.0
2021-04-21,Shopping/Ent,976.47,0.0,determine feel article we they,976.47
2021-04-23,Transport,438.98,0.0,quickly new another general poor,438.98
2021-04-23,Health,865.53,0.0,five indicate chance heavy senior,865.53
2021-04-24,Income,1058.6,0.0,support feeling remain,1058.6
2021-04-27,Shopping/Ent,796.57,0.0,none whose,796.57
2021-04-27,Food,416.8,0.0,care drug data position two,416.8
2021-04-27,Utilities,1530.68,0.0,movie stop,1530.68
2021-04-30,Rent,25.38,0.0,help painting always,25.38
2021-05-02,Utilities,267.08,0.0,source onto provide,267.08
2021-05-04,Shopping/Ent,1005.52,0.0,decade trade field training,1005.52
2021-05-04,Health,153.43,0.0,while bring yourself,153.43
2021-05-06,Food,878.08,0.0,receive region however,878.08
2021-05-07,Shopping/Ent,1421.9,0.0,third letter sort reveal seven,1421.9
2021-05-07,Rent,816.01,0.0,have including none,816.01
2021-05-07,Rent,1725.6,0.0,focus executive letter possible final,1725.6
2021-05-10,Utilities,1604.63,0.0,administration network once,1604.63
2021-05-11,Health,185.38,0.0,charge form here,185.38
2021-05-11,Shopping/Ent,877.0,0.0,nearly want front shake,877.0
2021-05-12,Rent,797.58,0.0,leave run goal cause,797.58
2021-05-14,Health,450.93,0.0,contain threat wrong whatever,450.93
2021-05-14,Rent,1025.86,0.0,stuff avoid,1025.86
2021-05-15,Investment,0.0,3362.0,include successful,0.0
2021-05-17,Utilities,480.18,0.0,religious across,480.18
2021-05-19,Investment,0.0,1921.0,health pay project pattern,0.0
2021-05-22,Rent,362.52,0.0,administration mother in admit,362.52
2021-05-23,Income,933.27,0.0,within admit spend purpose south,933.27
2021-05-24,Income,1365.46,0.0,truth modern,1365.46
2021-05-24,Health,1729.85,0.0,people education great,1729.85
2021-05-24,Utilities,885.13,0.0,health image,885.13
2021-05-25,Transport,1594.7,0.0,wrong difficult range,1594.7
2021-05-25,Health,1019.6,0.0,behavior here,1019.6
2021-05-27,Income,84.84,0.0,argue act commercial matter,84.84
2021-05-27,Transport,162.69,0.0,not teach believe month,162.69
2021-05-29,Rent,1233.87,0.0,deep test thought,1233.87
2021-05-30,Income,1164.86,0.0,another avoid understand,1164.86
2021-05-31,Food,904.97,0.0,probably conference sure administration debate,904.97
2021-05-31,Shopping/Ent,649.84,0.0,up federal nor note,649.84
2021-06-02,Utilities,1915.87,0.0,forward sense cause write right,1915.87
2021-06-02,Health,1964.95,0.0,approach join stuff future,1964.95
2021-06-03,Investment,0.0,820.0,ahead event yeah make,0.0
2021-06-06,Income,1982.06,0.0,wait it quickly produce beat,1982.06
2021-06-06,Utilities,734.16,0.0,require bank child,734.16
2021-06-06,Shopping/Ent,823.45,0.0,first blood accept final,823.45
2021-06-09,Food,1580.56,0.0,bill beautiful issue,1580.56
2021-06-11,Rent,666.08,0.0,mention billion bed never others,666.08
2021-06-11,Shopping/Ent,575.45,0.0,activity including single right,575.45
2021-06-14,Utilities,673.39,0.0,occur college herself,673.39
2021-06-15,Utilities,1834.33,0.0,feeling manage as,1834.33
2021-06-16,Shopping/Ent,266.61,0.0,inside machine baby,266.61
2021-06-20,Rent,626.07,0.0,result many pattern,626.07
2021-06-20,Health,1628.24,0.0,career according,1628.24
2021-06-22,Rent,1295.59,0.0,success here television key,1295.59
2021-06-23,Health,46.28,0.0,carry fly water cut fire,46.28
2021-06-24,Shopping/Ent,690.05,0.0,fact reason make office,690.05
2021-06-26,Shopping/Ent,460.82,0.0,heavy staff hotel box,460.82
2021-06-27,Investment,0.0,2923.0,or nation race,0.0
2021-06-28,Rent,1020.3,0.0,well left,1020.3
2021-06-28,Food,1327.24,0.0,something story attorney summer,1327.24
2021-06-28,Utilities,1198.52,0.0,cause field education child,1198.52
2021-06-28,Investment,0.0,1856.0,available wrong look husband,0.0
2021-06-29,Food,827.61,0.0,myself so growth time,827.61
2021-07-04,Shopping/Ent,1939.48,0.0,point be shoulder price great,1939.48
2021-07-04,Income,475.67,0.0,worker quality hundred sell whole,475.67
2021-07-04,Income,1808.91,0.0,action else,1808.91
2021-07-06,Other,0.0,4282.0,newspaper reach determine hear leg,0.0
2021-07-07,Shopping/Ent,1010.78,0.0,general agency bit,1010.78
2021-07-09,Utilities,1635.61,0.0,break wait,1635.61
2021-07-09,Utilities,1747.27,0.0,find lay deal lot,1747.27
2021-07-10,Other,0.0,3540.0,just recent,0.0
2021-07-10,Rent,1425.69,0.0,feel special,1425.69
2021-07-11,Rent,577.28,0.0,support possible,577.28
2021-07-11,Transport,904.15,0.0,might necessary former,904.15
2021-07-11,Shopping/Ent,192.51,0.0,discussion if continue policy,192.51
2021-07-12,Income,1770.41,0.0,ahead pass culture or,1770.41
2021-07-13,Shopping/Ent,115.98,0.0,relate day,115.98
2021-07-14,Shopping/Ent,778.47,0.0,big the cost for leader,778.47
2021-07-15,Investment,0.0,730.0,month police others particularly,0.0
2021-07-19,Rent,1679.96,0.0,girl suddenly,1679.96
2021-07-19,Utilities,283.82,0.0,try opportunity public,283.82
2021-07-23,Income,1395.18,0.0,draw bring health,1395.18
2021-07-23,Other,0.0,4174.0,home others offer institution main,0.0
2021-07-24,Rent,47.82,0.0,never majority cell,47.82
2021-07-28,Utilities,1102.12,0.0,people tend weight machine,1102.12
2021-07-29,Shopping/Ent,231.26,0.0,white measure manager range,231.26
2021-08-02,Transport,252.48,0.0,major bar air set,252.48
2021-08-06,Income,134.99,0.0,ever mrs,134.99
2021-08-07,Income,1197.51,0.0,not significant manager member,1197.51
2021-08-07,Investment,0.0,1676.0,environmental myself,0.0
2021-08-08,Food,1233.47,0.0,state among rest national wrong,1233.47
2021-08-09,Shopping/Ent,382.75,0.0,fear yourself last,382.75
2021-08-11,Health,144.68,0.0,keep yes,144.68
2021-08-13,Food,787.0,0.0,specific onto go,787.0
2021-08-13,Shopping/Ent,1962.27,0.0,pattern size spend,1962.27
2021-08-15,Food,720.62,0.0,go exactly much food region,720.62
2021-08-16,Investment,0.0,1349.0,environment teach world quickly believe,0.0
2021-08-18,Health,275.49,0.0,yeah term,275.49
2021-08-20,Health,1628.88,0.0,economic represent stock,1628.88
2021-08-21,Other,0.0,4420.0,central plan physical heart,0.0
2021-08-21,Utilities,135.57,0.0,idea seek,135.57
2021-08-22,Income,83.6,0.0,wear force able similar,83.6
2021-08-23,Shopping/Ent,1772.72,0.0,play recently sure somebody,1772.72
2021-08-24,Transport,1035.61,0.0,why station manager,1035.61
2021-08-25,Income,514.09,0.0,front official not,514.09
2021-08-27,Shopping/Ent,579.36,0.0,thus several animal phone,579.36
2021-08-29,Food,1732.94,0.0,buy tax,1732.94
2021-09-05,Rent,1600.69,0.0,a when dark read,1600.69
2021-09-06,Shopping/Ent,1489.18,0.0,city usually ever,1489.18
2021-09-09,Shopping/Ent,684.68,0.0,bar professor power,684.68
2021-09-09,Other,0.0,3509.0,personal rise sense investment,0.0
2021-09-09,Transport,1604.28,0.0,ability live,1604.28
2021-09-10,Rent,866.91,0.0,difficult quite act receive stage,866.91
2021-09-11,Utilities,1095.49,0.0,local director become,1095.49
2021-09-11,Rent,662.56,0.0,finish thing,662.56
2021-09-11,Income,1209.22,0.0,similar send card year,1209.22
2021-09-11,Income,709.58,0.0,most across,709.58
2021-09-15,Other,0.0,4063.0,goal defense security turn,0.0
2021-09-16,Food,159.33,0.0,beautiful beyond sell,159.33
2021-09-16,Health,1031.04,0.0,white fire cause everybody,1031.04
2021-09-17,Utilities,1906.05,0.0,network outside parent,1906.05
2021-09-17,Other,0.0,785.0,day parent country,0.0
2021-09-19,Investment,0.0,3500.0,position six soldier,0.0
2021-09-19,Food,1214.14,0.0,history drop point audience,1214.14
2021-09-19,Health,750.31,0.0,value car team nothing,750.31
2021-09-19,Utilities,1063.63,0.0,raise several west side admit,1063.63
2021-09-20,Transport,506.73,0.0,energy always,506.73
2021-09-21,Investment,0.0,4588.0,media pick may indeed,0.0
2021-09-28,Rent,530.94,0.0,policy mrs,530.94
2021-10-01,Income,437.0,0.0,base bad tv,437.0
2021-10-07,Income,408.35,0.0,force only shake power poor,408.35
2021-10-08,Investment,0.0,4203.0,role suffer around beat,0.0
2021-10-13,Other,0.0,1219.0,law participant,0.0
2021-10-13,Health,1339.0,0.0,budget remain reduce,1339.0
2021-10-13,Transport,1783.75,0.0,well mission situation result,1783.75
2021-10-16,Utilities,1589.46,0.0,camera sit environmental though,1589.46
2021-10-20,Rent,1970.41,0.0,southern evening ask republican,1970.41
2021-10-21,Shopping/Ent,1582.84,0.0,baby lawyer growth matter note,1582.84
2021-10-22,Other,0.0,4328.0,effort bill off,0.0
2021-10-24,Utilities,1227.78,0.0,scientist able teach,1227.78
2021-10-24,Other,0.0,3761.0,animal hair turn,0.0
2021-10-27,Income,1056.13,0.0,need trial,1056.13
2021-10-27,Rent,259.4,0.0,focus indicate result,259.4
2021-10-30,Rent,905.45,0.0,number budget,905.45
2021-11-03,Health,265.39,0.0,development middle animal,265.39
2021-11-04,Utilities,1537.89,0.0,theory tend,1537.89
2021-11-05,Investment,0.0,1517.0,beat lead hard factor,0.0
2021-11-05,Transport,337.67,0.0,drug happy will young simply,337.67
2021-11-06,Shopping/Ent,698.59,0.0,character usually agency,698.59
2021-11-07,Transport,1693.41,0.0,player really act friend,1693.41
2021-11-10,Transport,259.09,0.0,billion morning draw,259.09
2021-11-15,Rent,1010.12,0.0,win central,1010.12
2021-11-16,Investment,0.0,1902.0,analysis discuss,0.0
2021-11-17,Health,1686.63,0.0,red head window be,1686.63
2021-11-18,Food,171.63,0.0,card star avoid nothing,171.63
2021-11-18,Transport,1305.75,0.0,door end fire,1305.75
2021-11-19,Shopping/Ent,1240.04,0.0,fish evening avoid dark,1240.04
2021-11-21,Other,0.0,2974.0,choice clearly,0.0
2021-11-21,Shopping/Ent,601.89,0.0,image movie who debate,601.89
2021-11-21,Investment,0.0,1794.0,enter build citizen rather,0.0
2021-11-23,Income,934.24,0.0,structure foreign before,934.24
2021-11-26,Utilities,632.04,0.0,how any federal star,632.04
2021-11-27,Health,1950.99,0.0,weight take,1950.99
2021-11-28,Other,0.0,4718.0,economic left sound cause activity,0.0
2021-12-01,Health,491.06,0.0,cup hundred rather,491.06
2021-12-02,Other,0.0,2530.0,only true avoid young cup,0.0
2021-12-03,Investment,0.0,2877.0,begin suggest speak,0.0
2021-12-03,Shopping/Ent,504.06,0.0,walk anything,504.06
2021-12-08,Utilities,1628.82,0.0,start house ahead raise,1628.82
2021-12-09,Health,387.77,0.0,democrat cost evidence third,387.77
2021-12-09,Other,0.0,4585.0,people early far include nearly,0.0
2021-12-11,Income,56.12,0.0,evidence case,56.12
2021-12-12,Income,1933.71,0.0,eat yes myself affect him,1933.71
2021-12-13,Health,106.83,0.0,name machine tree maybe,106.83
2021-12-13,Income,578.64,0.0,conference five despite,578.64
2021-12-15,Investment,0.0,4030.0,speak line,0.0
2021-12-15,Other,0.0,3496.0,yourself wind beyond prevent entire,0.0
2021-12-16,Health,100.03,0.0,offer work home,100.03
2021-12-19,Investment,0.0,3469.0,door fish scene,0.0
2021-12-20,Rent,778.83,0.0,agreement red way nor none,778.83
2021-12-20,Transport,1652.37,0.0,my compare also argue,1652.37
2021-12-23,Rent,266.04,0.0,money a,266.04
2021-12-24,Other,0.0,3277.0,future concern sort,0.0
2021-12-26,Health,1512.38,0.0,against only,1512.38
2021-12-28,Other,0.0,4596.0,suffer team,0.0
2021-12-31,Investment,0.0,1622.0,relate product only from,0.0
2022-01-01,Income,1043.47,0.0,wish run join,1043.47
2022-01-03,Transport,1191.51,0.0,concern ability reduce,1191.51
2022-01-03,Investment,0.0,3186.0,company why really up,0.0
2022-01-03,Health,333.38,0.0,program sport her,333.38
2022-01-04,Income,1420.39,0.0,surface side nothing consider,1420.39
2022-01-05,Food,743.03,0.0,determine not view cell seat,743.03
2022-01-06,Shopping/Ent,1171.57,0.0,word collection those become,1171.57
2022-01-08,Food,1197.85,0.0,activity decide really go,1197.85
2022-01-09,Shopping/Ent,1445.59,0.0,answer just,1445.59
2022-01-13,Utilities,1053.22,0.0,this manage her,1053.22
2022-01-13,Shopping/Ent,304.07,0.0,big look tell prepare,304.07
2022-01-14,Food,1149.41,0.0,later son almost,1149.41
2022-01-16,Shopping/Ent,47.69,0.0,end bit game thousand,47.69
2022-01-16,Utilities,831.79,0.0,natural together,831.79
2022-01-18,Income,1746.91,0.0,order party lot all,1746.91
2022-01-18,Food,1414.49,0.0,threat church big day couple,1414.49
2022-01-21,Health,1996.26,0.0,enter example down anyone occur,1996.26
2022-01-21,Shopping/Ent,634.37,0.0,approach about because,634.37
2022-01-22,Other,0.0,4975.0,best deal point,0.0
2022-01-23,Transport,1224.05,0.0,such final however major,1224.05
2022-01-24,Investment,0.0,2785.0,politics hold,0.0
2022-01-28,Shopping/Ent,1883.56,0.0,hard knowledge enjoy let,1883.56
2022-02-01,Transport,1412.75,0.0,nor character recent,1412.75
2022-02-02,Income,640.91,0.0,property space,640.91
2022-02-05,Transport,582.7,0.0,dinner article hit mission whole,582.7
2022-02-05,Shopping/Ent,1792.56,0.0,think live bad total research,1792.56
2022-02-06,Health,1909.67,0.0,too song quality per build,1909.67
2022-02-08,Transport,93.71,0.0,we cold deep,93.71
2022-02-08,Rent,699.26,0.0,amount bad raise,699.26
2022-02-09,Transport,1497.2,0.0,challenge organization floor road southern,1497.2
2022-02-10,Transport,1866.72,0.0,news need task mind,1866.72
2022-02-10,Utilities,227.36,0.0,onto site both change note,227.36
2022-02-10,Shopping/Ent,492.49,0.0,understand none,492.49
2022-02-10,Shopping/Ent,1279.51,0.0,test they there,1279.51
2022-02-11,Other,0.0,3205.0,pressure occur list common,0.0
2022-02-14,Rent,1365.57,0.0,peace race i,1365.57
2022-02-17,Investment,0.0,3833.0,real any little environmental,0.0
2022-02-17,Income,960.12,0.0,full soldier,960.12
2022-02-17,Other,0.0,3131.0,successful teach range,0.0
2022-02-17,Food,1816.79,0.0,feel season similar,1816.79
2022-02-18,Investment,0.0,4883.0,rock painting become,0.0
2022-02-21,Food,1827.33,0.0,tree imagine machine,1827.33
2022-02-22,Investment,0.0,797.0,start middle city find,0.0
2022-02-22,Shopping/Ent,1578.04,0.0,career surface these ahead,1578.04
2022-02-25,Other,0.0,806.0,student economic lead,0.0
2022-02-27,Investment,0.0,3244.0,ever statement measure,0.0
2022-03-01,Income,1779.63,0.0,drop major,1779.63
2022-03-02,Other,0.0,2735.0,whether listen necessary,0.0
2022-03-04,Investment,0.0,3208.0,study else store,0.0
2022-03-05,Other,0.0,2607.0,agree anyone take,0.0
2022-03-07,Food,1475.87,0.0,positive question especially,1475.87
2022-03-07,Shopping/Ent,359.23,0.0,after sister should across treatment,359.23
2022-03-12,Shopping/Ent,1655.71,0.0,song difference part wall require,1655.71
2022-03-14,Rent,807.66,0.0,time surface learn design,807.66
2022-03-17,Investment,0.0,4411.0,station however bill memory production,0.0
2022-03-17,Shopping/Ent,23.59,0.0,positive participant fear blue as,23.59
2022-03-18,Income,1509.98,0.0,technology end represent throughout,1509.98
2022-03-18,Transport,1169.1,0.0,change she tonight,1169.1
2022-03-18,Transport,1310.83,0.0,race return pretty young,1310.83
2022-03-20,Food,1338.89,0.0,identify say on yes,1338.89
2022-03-20,Utilities,816.78,0.0,risk develop movement size,816.78
2022-03-22,Transport,1383.68,0.0,feel color price next,1383.68
2022-03-23,Transport,741.41,0.0,likely scientist,741.41
2022-03-23,Utilities,961.58,0.0,water tonight pressure,961.58
2022-03-24,Health,837.53,0.0,development the inside thought,837.53
2022-03-25,Income,1517.13,0.0,one less brother,1517.13
2022-03-26,Shopping/Ent,1526.1,0.0,oil per line create build,1526.1
2022-03-27,Rent,1055.76,0.0,fear approach take case customer,1055.76
2022-03-28,Health,165.42,0.0,throughout would century television congress,165.42
2022-03-28,Food,1659.26,0.0,forward would finish around,1659.26
2022-03-28,Shopping/Ent,1149.68,0.0,decide similar office,1149.68
2022-03-28,Other,0.0,4762.0,size sister can its,0.0
2022-03-29,Shopping/Ent,1436.67,0.0,investment local above move,1436.67
2022-03-29,Income,1619.3,0.0,throughout series,1619.3
2022-03-31,Shopping/Ent,919.03,0.0,adult above safe,919.03
2022-03-31,Other,0.0,3024.0,fine bill me fill,0.0
2022-03-31,Shopping/Ent,516.37,0.0,fear fact,516.37
2022-04-01,Investment,0.0,1098.0,model its rather card you,0.0
2022-04-01,Other,0.0,1022.0,seek close trade speech,0.0
2022-04-01,Food,1869.82,0.0,difference world deep,1869.82
2022-04-01,Other,0.0,759.0,mean but represent society heart,0.0
2022-04-02,Utilities,1540.25,0.0,perhaps order answer blue structure,1540.25
2022-04-02,Shopping/Ent,755.18,0.0,indicate herself,755.18
2022-04-03,Income,1740.54,0.0,listen check receive,1740.54
2022-04-03,Shopping/Ent,169.7,0.0,inside big minute,169.7
2022-04-04,Utilities,1310.53,0.0,store bit responsibility brother,1310.53
2022-04-05,Utilities,1985.77,0.0,marriage participant,1985.77
2022-04-08,Utilities,1458.44,0.0,win group important civil nature,1458.44
2022-04-09,Food,1514.8,0.0,former able public trade,1514.8
2022-04-09,Income,1350.26,0.0,chance bed memory rich,1350.26
2022-04-10,Shopping/Ent,1648.49,0.0,popular lead with,1648.49
2022-04-10,Health,318.69,0.0,anyone spend them system,318.69
2022-04-16,Investment,0.0,763.0,international break surface three,0.0
2022-04-18,Shopping/Ent,1233.7,0.0,professional color group,1233.7
2022-04-18,Food,488.93,0.0,environmental run head garden box,488.93
2022-04-21,Investment,0.0,4157.0,even history surface son,0.0
2022-04-22,Food,497.02,0.0,car risk,497.02
2022-04-22,Other,0.0,2419.0,indeed opportunity,0.0
2022-04-24,Food,288.87,0.0,consider here grow agreement,288.87
2022-04-24,Shopping/Ent,1633.41,0.0,turn both in animal,1633.41
2022-04-29,Health,1159.17,0.0,actually than modern season,1159.17
2022-04-30,Health,481.44,0.0,within prove full,481.44
2022-05-02,Shopping/Ent,832.98,0.0,believe product eat generation put,832.98
2022-05-02,Utilities,1255.73,0.0,stuff next write,1255.73
2022-05-03,Income,103.3,0.0,poor church,103.3
2022-05-05,Shopping/Ent,1573.75,0.0,thank avoid man drive,1573.75
2022-05-05,Shopping/Ent,822.44,0.0,medical nearly,822.44
2022-05-06,Utilities,1511.29,0.0,stage bad know of,1511.29
2022-05-07,Shopping/Ent,608.47,0.0,language budget market president,608.47
2022-05-07,Income,1830.33,0.0,include news a before,1830.33
2022-05-07,Shopping/Ent,1119.0,0.0,none pressure lay future stay,1119.0
2022-05-08,Investment,0.0,2588.0,forward should outside respond,0.0
2022-05-08,Rent,1845.23,0.0,box service develop game,1845.23
2022-05-09,Rent,1075.91,0.0,miss reduce animal clearly cell,1075.91
2022-05-09,Food,544.24,0.0,effect cultural,544.24
2022-05-11,Food,1748.5,0.0,democratic station course full,1748.5
2022-05-13,Investment,0.0,4427.0,unit study,0.0
2022-05-13,Health,613.34,0.0,leader operation mean white,613.34
2022-05-14,Shopping/Ent,1874.95,0.0,save network item one under,1874.95
2022-05-19,Rent,1496.29,0.0,community spring billion price paper,1496.29
2022-05-19,Shopping/Ent,1394.3,0.0,thing industry participant realize,1394.3
2022-05-20,Shopping/Ent,1831.1,0.0,huge garden family,1831.1
2022-05-20,Transport,767.52,0.0,include record security,767.52
2022-05-22,Health,623.76,0.0,team republican very plan cut,623.76
2022-05-23,Income,937.35,0.0,tv car report window,937.35
2022-05-24,Income,1525.64,0.0,my pm report set,1525.64
2022-05-24,Shopping/Ent,747.7,0.0,old wall report purpose,747.7
2022-05-25,Shopping/Ent,1485.09,0.0,there institution actually,1485.09
2022-05-27,Other,0.0,2918.0,herself apply,0.0
2022-05-28,Other,0.0,2384.0,environment size worker,0.0
2022-05-29,Shopping/Ent,1003.61,0.0,style real far,1003.61
2022-05-29,Health,522.08,0.0,grow laugh,522.08
2022-05-30,Income,927.05,0.0,score night down,927.05
2022-05-30,Health,346.84,0.0,unit hold,346.84
2022-05-31,Income,376.26,0.0,approach season data than team,376.26
2022-06-01,Food,1052.65,0.0,treatment relate positive,1052.65
2022-06-01,Rent,1890.92,0.0,cultural right cover large work,1890.92
2022-06-04,Food,830.66,0.0,while same budget,830.66
2022-06-04,Shopping/Ent,145.26,0.0,evidence enough claim suffer,145.26
2022-06-06,Investment,0.0,4642.0,letter visit always up,0.0
2022-06-07,Food,1239.49,0.0,past product make of group,1239.49
2022-06-07,Income,1321.98,0.0,detail contain attention measure indeed,1321.98
2022-06-11,Other,0.0,597.0,begin determine degree forward,0.0
2022-06-11,Other,0.0,4888.0,despite sell most,0.0
2022-06-12,Shopping/Ent,1614.27,0.0,truth during always those high,1614.27
2022-06-12,Rent,1836.92,0.0,either rich agency might,1836.92
2022-06-12,Food,1009.41,0.0,boy generation,1009.41
2022-06-13,Shopping/Ent,391.94,0.0,sort knowledge analysis together court,391.94
2022-06-17,Health,541.98,0.0,way cold,541.98
2022-06-17,Health,1919.0,0.0,account assume prove similar ten,1919.0
2022-06-18,Shopping/Ent,1980.56,0.0,day stock,1980.56
2022-06-19,Rent,1310.93,0.0,section child,1310.93
2022-06-20,Food,196.07,0.0,also available concern edge,196.07
2022-06-21,Income,121.67,0.0,start treat imagine later identify,121.67
2022-06-21,Investment,0.0,1177.0,hope brother,0.0
2022-06-23,Shopping/Ent,1293.37,0.0,as second animal summer group,1293.37
2022-06-23,Rent,1790.63,0.0,face rate,1790.63
2022-06-25,Shopping/Ent,430.72,0.0,she join house,430.72
2022-06-25,Income,549.48,0.0,choose detail section someone,549.48
2022-06-26,Transport,1799.63,0.0,whether century quality,1799.63
2022-06-26,Food,366.92,0.0,network never,366.92
2022-06-30,Food,1923.32,0.0,above others,1923.32
2022-07-01,Shopping/Ent,1858.46,0.0,water fight security tough gas,1858.46
2022-07-02,Shopping/Ent,1137.72,0.0,central contain pattern education boy,1137.72
2022-07-04,Rent,1006.58,0.0,popular available public economy,1006.58
2022-07-04,Food,204.39,0.0,maintain former campaign pretty beyond,204.39
2022-07-04,Health,773.85,0.0,surface usually,773.85
2022-07-05,Rent,687.78,0.0,fish late pattern,687.78
2022-07-06,Shopping/Ent,1938.15,0.0,charge note space when collection,1938.15
2022-07-13,Transport,1569.26,0.0,size republican political,1569.26
2022-07-17,Shopping/Ent,718.06,0.0,care run there leg,718.06
2022-07-17,Shopping/Ent,379.62,0.0,main board population,379.62
2022-07-17,Shopping/Ent,180.53,0.0,teach cause mrs,180.53
2022-07-18,Shopping/Ent,1429.09,0.0,baby away affect medical all,1429.09
2022-07-18,Investment,0.0,3612.0,if operation trade necessary myself,0.0
2022-07-19,Utilities,1481.91,0.0,president chance hotel through,1481.91
2022-07-20,Rent,192.13,0.0,let member however,192.13
2022-07-22,Income,726.24,0.0,production summer,726.24
2022-07-25,Utilities,183.72,0.0,cell city not not the,183.72
2022-07-27,Investment,0.0,3157.0,doctor protect military social,0.0
2022-07-27,Shopping/Ent,215.55,0.0,voice american seven discussion,215.55
2022-07-27,Rent,1452.44,0.0,plant event score official now,1452.44
2022-07-27,Food,590.78,0.0,truth thing always possible,590.78
2022-07-28,Shopping/Ent,1148.2,0.0,half president structure might,1148.2
2022-07-28,Other,0.0,1888.0,might good test,0.0
2022-07-29,Other,0.0,2698.0,thought according think key,0.0
2022-07-30,Rent,342.74,0.0,method exactly,342.74
2022-07-31,Transport,973.62,0.0,church own stage,973.62
2022-08-02,Other,0.0,2520.0,specific result loss long,0.0
2022-08-02,Income,1191.67,0.0,claim street against amount of,1191.67
2022-08-03,Investment,0.0,1609.0,picture always occur,0.0
2022-08-04,Shopping/Ent,671.11,0.0,election conference when,671.11
2022-08-06,Health,886.04,0.0,these road,886.04
2022-08-07,Utilities,607.87,0.0,describe paper,607.87
2022-08-12,Shopping/Ent,963.23,0.0,color store over some,963.23
2022-08-13,Other,0.0,3114.0,process enough right garden law,0.0
2022-08-15,Income,1935.85,0.0,her car admit,1935.85
2022-08-15,Health,758.35,0.0,range step painting concern,758.35
2022-08-16,Shopping/Ent,736.38,0.0,me brother lot candidate owner,736.38
2022-08-16,Shopping/Ent,1188.53,0.0,miss have analysis morning,1188.53
2022-08-17,Food,1906.48,0.0,smile high open scientist,1906.48
2022-08-18,Shopping/Ent,882.53,0.0,international effort,882.53
2022-08-19,Rent,1639.74,0.0,exist theory,1639.74
2022-08-21,Shopping/Ent,1349.23,0.0,country remember smile,1349.23
2022-08-21,Other,0.0,2482.0,brother according pressure reach firm,0.0
2022-08-22,Utilities,1433.32,0.0,choice prepare,1433.32
2022-08-22,Rent,903.64,0.0,talk interest hand,903.64
2022-08-23,Shopping/Ent,1073.39,0.0,sense including six lot,1073.39
2022-08-24,Shopping/Ent,1091.85,0.0,never effect fill general relationship,1091.85
2022-08-26,Health,1406.25,0.0,security land record,1406.25
2022-08-26,Rent,227.65,0.0,democrat hundred,227.65
2022-08-28,Health,341.01,0.0,pass range appear home player,341.01
2022-08-29,Shopping/Ent,1933.95,0.0,likely outside because,1933.95
2022-08-30,Shopping/Ent,220.83,0.0,he participant right,220.83
2022-08-31,Investment,0.0,4683.0,prevent expert white arm similar,0.0
2022-08-31,Shopping/Ent,897.1,0.0,keep cut prevent sound,897.1
2022-09-01,Utilities,696.49,0.0,almost outside middle,696.49
2022-09-02,Investment,0.0,2920.0,college already dream a church,0.0
2022-09-03,Rent,240.98,0.0,good house only military,240.98
2022-09-03,Utilities,703.17,0.0,near risk,703.17
2022-09-03,Shopping/Ent,1047.02,0.0,give white everybody paper create,1047.02
2022-09-04,Rent,881.95,0.0,above company media next me,881.95
2022-09-04,Health,143.68,0.0,sort what,143.68
2022-09-05,Investment,0.0,685.0,economic kind help low during,0.0
2022-09-06,Rent,1357.51,0.0,race to television loss,1357.51
2022-09-07,Investment,0.0,4727.0,him small,0.0
2022-09-08,Investment,0.0,3211.0,son include good,0.0
2022-09-10,Income,471.39,0.0,red enjoy,471.39
2022-09-11,Utilities,380.91,0.0,human see,380.91
2022-09-11,Shopping/Ent,68.09,0.0,never condition,68.09
2022-09-12,Shopping/Ent,904.65,0.0,despite off consumer second,904.65
2022-09-14,Food,1412.42,0.0,say dog drug enter,1412.42
2022-09-15,Rent,1158.92,0.0,strong student green,1158.92
2022-09-15,Utilities,737.93,0.0,turn put professional,737.93
2022-09-17,Investment,0.0,2649.0,when summer he firm together,0.0
2022-09-18,Income,1060.15,0.0,make worker trouble,1060.15
2022-09-19,Shopping/Ent,1226.5,0.0,develop office approach son,1226.5
2022-09-19,Health,710.45,0.0,allow girl team simply lead,710.45
2022-09-21,Utilities,1629.34,0.0,least ready activity decision ok,1629.34
2022-09-23,Transport,1838.18,0.0,party employee nature down,1838.18
2022-09-26,Utilities,633.24,0.0,gas contain interest industry sell,633.24
2022-09-26,Rent,374.26,0.0,evidence conference capital office,374.26
2022-09-28,Shopping/Ent,842.3,0.0,result sound,842.3
2022-09-29,Other,0.0,3965.0,task cultural son school,0.0
2022-09-29,Investment,0.0,1866.0,computer matter,0.0
2022-09-30,Utilities,382.33,0.0,result size feel no nothing,382.33
2022-10-01,Food,1732.39,0.0,real art,1732.39
2022-10-02,Income,281.7,0.0,stuff benefit seat employee,281.7
2022-10-03,Income,824.18,0.0,newspaper special general in go,824.18
2022-10-04,Income,982.51,0.0,office power company sister great,982.51
2022-10-04,Investment,0.0,2306.0,simple land bad party,0.0
2022-10-05,Transport,457.44,0.0,what than political up instead,457.44
2022-10-08,Income,1135.64,0.0,support author class direction,1135.64
2022-10-10,Income,1103.96,0.0,report painting house,1103.96
2022-10-12,Investment,0.0,2694.0,security minute late cold,0.0
2022-10-12,Health,1088.67,0.0,road product wait,1088.67
2022-10-13,Income,1097.24,0.0,cold billion as,1097.24
2022-10-19,Rent,1474.62,0.0,approach side model you billion,1474.62
2022-10-19,Shopping/Ent,602.44,0.0,pressure those,602.44
2022-10-20,Income,533.0,0.0,easy exist phone,533.0
2022-10-21,Rent,883.75,0.0,stuff agreement professional team foot,883.75
2022-10-22,Shopping/Ent,427.66,0.0,window music evening know,427.66
2022-10-23,Health,1723.49,0.0,opportunity lead see,1723.49
2022-10-25,Shopping/Ent,340.3,0.0,model police finally girl,340.3
2022-10-28,Investment,0.0,2195.0,source kind hand,0.0
2022-10-30,Health,1069.24,0.0,field a spring,1069.24
2022-10-31,Utilities,654.07,0.0,expert movement reach man,654.07
2022-11-03,Transport,1149.74,0.0,across involve fall,1149.74
2022-11-04,Rent,279.82,0.0,nature country,279.82
2022-11-05,Shopping/Ent,1838.35,0.0,house clear say hope,1838.35
2022-11-07,Utilities,1405.84,0.0,enjoy instead dream,1405.84
2022-11-07,Investment,0.0,3138.0,possible mother especially,0.0
2022-11-09,Shopping/Ent,984.02,0.0,consumer face,984.02
2022-11-10,Transport,1259.35,0.0,laugh red man fly charge,1259.35
2022-11-13,Rent,1270.92,0.0,control bill,1270.92
2022-11-14,Rent,811.67,0.0,resource road do,811.67
2022-11-14,Health,914.84,0.0,management game,914.84
2022-11-15,Food,1739.13,0.0,your less social form,1739.13
2022-11-17,Rent,1464.55,0.0,entire hotel,1464.55
2022-11-17,Health,1701.71,0.0,consider time economic high,1701.71
2022-11-18,Shopping/Ent,443.48,0.0,window research his,443.48
2022-11-19,Shopping/Ent,994.48,0.0,scene almost leave,994.48
2022-11-21,Transport,682.13,0.0,program decade home which view,682.13
2022-11-22,Income,1578.72,0.0,rock seat near business loss,1578.72
2022-11-26,Food,101.43,0.0,growth appear project,101.43
2022-11-26,Income,42.4,0.0,plan foot cold,42.4
2022-11-28,Utilities,888.16,0.0,build smile across among situation,888.16
2022-11-28,Other,0.0,2157.0,choice side eat matter rather,0.0
2022-12-01,Utilities,1765.47,0.0,art green child movie blue,1765.47
2022-12-03,Transport,195.75,0.0,first next popular,195.75
2022-12-04,Rent,749.97,0.0,run again help right,749.97
2022-12-05,Utilities,113.06,0.0,magazine join,113.06
2022-12-05,Shopping/Ent,864.17,0.0,recent couple cost girl run,864.17
2022-12-07,Investment,0.0,508.0,trial never attention choice fast,0.0
2022-12-12,Rent,274.07,0.0,happen a point here control,274.07
2022-12-13,Income,28.48,0.0,task simply draw return probably,28.48
2022-12-15,Rent,1976.43,0.0,couple raise she child,1976.43
2022-12-16,Utilities,960.62,0.0,important focus benefit probably,960.62
2022-12-18,Rent,1464.22,0.0,condition all blood,1464.22
2022-12-22,Other,0.0,3511.0,all politics,0.0
2022-12-28,Utilities,771.61,0.0,moment red eight hand,771.61
2022-12-30,Utilities,1286.74,0.0,us decade,1286.74
2022-12-31,Rent,1065.71,0.0,life police,1065.71
2023-01-03,Investment,0.0,4105.0,sea three state some around,0.0
2023-01-04,Shopping/Ent,1259.88,0.0,american audience fight war whether,1259.88
2023-01-04,Other,0.0,4124.0,rise mother,0.0
2023-01-06,Rent,1794.22,0.0,moment eat personal,1794.22
2023-01-09,Investment,0.0,3645.0,see indeed black police group,0.0
2023-01-10,Shopping/Ent,635.86,0.0,third coach congress husband,635.86
2023-01-11,Other,0.0,1190.0,move outside value,0.0
2023-01-13,Transport,1560.15,0.0,yard foot he share issue,1560.15
2023-01-15,Transport,418.84,0.0,drive nation heart nearly season,418.84
2023-01-16,Shopping/Ent,1498.21,0.0,language however risk work,1498.21
2023-01-17,Food,1569.77,0.0,career three according worker democrat,1569.77
2023-01-18,Shopping/Ent,994.83,0.0,sign wall,994.83
2023-01-19,Other,0.0,1081.0,memory number occur behind leave,0.0
2023-01-19,Food,1973.9,0.0,enter threat economic,1973.9
2023-01-19,Utilities,779.81,0.0,begin hundred truth,779.81
2023-01-19,Shopping/Ent,737.17,0.0,society common stay ready,737.17
2023-01-19,Income,1909.36,0.0,organization feel,1909.36
2023-01-20,Food,1178.85,0.0,bad argue side girl,1178.85
2023-01-21,Investment,0.0,826.0,us building side section,0.0
2023-01-21,Shopping/Ent,1018.16,0.0,him fight american music change,1018.16
2023-01-22,Shopping/Ent,852.91,0.0,check purpose young,852.91
2023-01-23,Utilities,562.16,0.0,offer bed it skill challenge,562.16
2023-01-23,Shopping/Ent,1948.88,0.0,live seat,1948.88
2023-01-23,Other,0.0,3700.0,energy huge its recently,0.0
2023-01-24,Utilities,247.69,0.0,pattern wrong kind certainly,247.69
2023-01-24,Food,336.03,0.0,current health serious,336.03
2023-01-24,Rent,627.24,0.0,nice maintain present cultural,627.24
2023-01-24,Shopping/Ent,125.23,0.0,drug entire involve,125.23
2023-01-24,Other,0.0,1450.0,both including,0.0
2023-01-24,Food,625.49,0.0,couple general pretty show,625.49
2023-01-25,Transport,342.26,0.0,science drug,342.26
2023-01-26,Other,0.0,1467.0,add really born,0.0
2023-01-27,Food,676.67,0.0,age decade mrs data,676.67
2023-01-27,Rent,533.27,0.0,nature performance yeah,533.27
2023-01-28,Rent,997.33,0.0,on professional analysis color,997.33
2023-01-29,Food,1004.22,0.0,smile peace apply,1004.22
2023-01-29,Health,323.05,0.0,home even,323.05
2023-01-30,Rent,464.52,0.0,affect test,464.52
2023-01-31,Food,1718.79,0.0,woman meet report,1718.79
2023-01-31,Investment,0.0,4364.0,term mother cost may,0.0
2023-02-01,Utilities,366.13,0.0,unit again easy morning four,366.13
2023-02-02,Food,1110.2,0.0,adult range green,1110.2
2023-02-03,Shopping/Ent,456.79,0.0,you without every,456.79
2023-02-06,Health,549.8,0.0,election hit yourself wrong want,549.8
2023-02-07,Other,0.0,1478.0,charge today prevent,0.0
2023-02-07,Food,366.9,0.0,minute question their rather,366.9
2023-02-08,Food,1908.62,0.0,of interview fine,1908.62
2023-02-08,Other,0.0,2812.0,my deal catch must,0.0
2023-02-09,Transport,661.33,0.0,finally relate model,661.33
2023-02-12,Food,744.15,0.0,yet wish certain usually,744.15
2023-02-13,Transport,1481.76,0.0,attack mouth rest contain,1481.76
2023-02-15,Health,1187.46,0.0,she they,1187.46
2023-02-16,Shopping/Ent,1467.6,0.0,field seat start pm,1467.6
2023-02-18,Shopping/Ent,309.63,0.0,single blood continue,309.63
2023-02-20,Food,473.67,0.0,note discuss discussion reach grow,473.67
2023-02-20,Food,1902.47,0.0,maybe painting republican,1902.47
2023-02-22,Other,0.0,3019.0,system man case,0.0
2023-02-22,Investment,0.0,3939.0,allow share address,0.0
2023-02-24,Food,1945.39,0.0,development provide dark daughter,1945.39
2023-02-26,Other,0.0,1262.0,term majority foot leader,0.0
2023-02-26,Investment,0.0,4757.0,if among save herself,0.0
2023-02-26,Health,922.33,0.0,particularly score order modern,922.33
2023-02-28,Rent,1015.8,0.0,body lead there there early,1015.8
2023-03-03,Shopping/Ent,158.91,0.0,worker always hold share,158.91
2023-03-03,Shopping/Ent,1328.26,0.0,fact huge fight,1328.26
2023-03-05,Shopping/Ent,1404.44,0.0,stop later reveal both,1404.44
2023-03-05,Health,910.99,0.0,career including late condition opportunity,910.99
2023-03-05,Other,0.0,2638.0,coach family try ready,0.0
2023-03-07,Shopping/Ent,280.86,0.0,bed food possible represent,280.86
2023-03-08,Rent,319.27,0.0,before relationship plant,319.27
2023-03-08,Other,0.0,3072.0,religious risk window partner civil,0.0
2023-03-08,Health,1929.62,0.0,analysis color friend the,1929.62
2023-03-08,Transport,932.06,0.0,than condition republican,932.06
2023-03-10,Rent,323.65,0.0,finally shoulder land,323.65
2023-03-10,Food,437.89,0.0,together whether about,437.89
2023-03-12,Utilities,191.51,0.0,learn talk,191.51
2023-03-13,Health,798.53,0.0,part management,798.53
2023-03-13,Other,0.0,2631.0,process law kind over according,0.0
2023-03-13,Utilities,71.85,0.0,people newspaper stay,71.85
2023-03-15,Income,1116.35,0.0,challenge president already,1116.35
2023-03-15,Rent,929.47,0.0,study fear turn any indicate,929.47
2023-03-16,Utilities,251.69,0.0,public particularly reality,251.69
2023-03-16,Investment,0.0,1570.0,concern lay often use behavior,0.0
2023-03-18,Other,0.0,3549.0,happy her attack interview,0.0
2023-03-18,Rent,1168.82,0.0,fall care,1168.82
2023-03-21,Rent,53.38,0.0,money modern receive partner,53.38
2023-03-22,Other,0.0,1555.0,role pick would low read,0.0
2023-03-23,Other,0.0,3735.0,space this discussion fact,0.0
2023-03-23,Other,0.0,1503.0,participant first moment yet,0.0
2023-03-23,Other,0.0,914.0,pass market role,0.0
2023-03-24,Shopping/Ent,1369.59,0.0,brother let,1369.59
2023-03-27,Investment,0.0,2033.0,son yourself increase,0.0
2023-03-29,Income,1768.01,0.0,night point action cut,1768.01
2023-03-30,Investment,0.0,2917.0,so film media,0.0
2023-03-31,Income,131.35,0.0,box four,131.35
2023-03-31,Utilities,844.28,0.0,pattern ahead compare form full,844.28
2023-04-01,Shopping/Ent,1265.2,0.0,something population loss physical,1265.2
2023-04-01,Food,1978.91,0.0,leg sport until argue,1978.91
2023-04-04,Health,964.57,0.0,north question new,964.57
2023-04-07,Health,1826.23,0.0,officer forward trouble,1826.23
2023-04-08,Shopping/Ent,548.17,0.0,wide exactly,548.17
2023-04-09,Investment,0.0,740.0,worker phone success number,0.0
2023-04-10,Transport,126.6,0.0,organization ten seem,126.6
2023-04-10,Health,1536.02,0.0,even beautiful,1536.02
2023-04-13,Utilities,209.27,0.0,later week democratic few,209.27
2023-04-15,Transport,1072.04,0.0,size sing tree kitchen,1072.04
2023-04-16,Food,1530.46,0.0,toward child future low,1530.46
2023-04-20,Shopping/Ent,716.06,0.0,simply century the,716.06
2023-04-20,Utilities,360.44,0.0,day already hold,360.44
2023-04-21,Health,1828.82,0.0,about usually,1828.82
2023-04-22,Other,0.0,1664.0,level animal minute probably,0.0
2023-04-22,Shopping/Ent,1675.03,0.0,officer fine,1675.03
2023-04-23,Income,1088.83,0.0,customer expert mother significant,1088.83
2023-04-24,Investment,0.0,1239.0,chance event address,0.0
2023-04-25,Investment,0.0,663.0,bill my near even wall,0.0
2023-05-02,Food,670.15,0.0,each author party full kitchen,670.15
2023-05-02,Utilities,688.11,0.0,likely push,688.11
2023-05-03,Other,0.0,987.0,approach interview condition other,0.0
2023-05-05,Investment,0.0,1408.0,green forward cup serve speak,0.0
2023-05-05,Health,1921.51,0.0,nothing behavior sort recognize,1921.51
2023-05-05,Shopping/Ent,1176.17,0.0,financial popular short like,1176.17
2023-05-07,Health,281.54,0.0,technology pay tree,281.54
2023-05-12,Other,0.0,4491.0,record professor small,0.0
2023-05-14,Utilities,1417.29,0.0,maintain assume both long,1417.29
2023-05-14,Health,454.24,0.0,should page camera,454.24
2023-05-14,Utilities,762.98,0.0,stage someone for power,762.98
2023-05-15,Transport,263.42,0.0,leave opportunity draw during city,263.42
2023-05-15,Shopping/Ent,1703.01,0.0,at decade really issue,1703.01
2023-05-16,Food,372.34,0.0,skin name door production back,372.34
2023-05-17,Shopping/Ent,1282.9,0.0,boy other foot best,1282.9
2023-05-18,Other,0.0,1652.0,final image our,0.0
2023-05-19,Rent,483.61,0.0,management produce bed stage,483.61
2023-05-20,Shopping/Ent,1389.42,0.0,some quickly truth view response,1389.42
2023-05-20,Utilities,1276.01,0.0,serious produce,1276.01
2023-05-20,Health,898.79,0.0,factor past language day theory,898.79
2023-05-22,Rent,1443.62,0.0,old particularly,1443.62
2023-05-22,Other,0.0,3937.0,summer system artist too,0.0
2023-05-22,Shopping/Ent,991.23,0.0,reflect star,991.23
2023-05-25,Shopping/Ent,211.84,0.0,technology tend,211.84
2023-05-28,Shopping/Ent,333.69,0.0,reduce hour fish him,333.69
2023-05-29,Investment,0.0,2915.0,nation production little could,0.0
2023-05-29,Other,0.0,1357.0,style child young prove,0.0
2023-05-30,Investment,0.0,3575.0,author administration,0.0
2023-06-02,Investment,0.0,4981.0,window career case south,0.0
2023-06-03,Rent,682.52,0.0,us perhaps lawyer interest star,682.52
2023-06-04,Income,1411.96,0.0,difficult interesting account marriage,1411.96
2023-06-05,Utilities,1218.56,0.0,especially unit office almost,1218.56
2023-06-08,Food,211.5,0.0,low happy oil which bag,211.5
2023-06-08,Shopping/Ent,824.47,0.0,let back three,824.47
2023-06-09,Transport,1324.59,0.0,line score whether,1324.59
2023-06-09,Rent,108.77,0.0,something fine apply gas sing,108.77
2023-06-10,Income,315.64,0.0,mention light safe inside,315.64
2023-06-10,Shopping/Ent,184.38,0.0,cold reason our,184.38
2023-06-13,Income,407.35,0.0,employee picture official of prevent,407.35
2023-06-15,Investment,0.0,2890.0,agree machine camera baby six,0.0
2023-06-16,Income,1689.1,0.0,past every either,1689.1
2023-06-16,Shopping/Ent,947.18,0.0,company option character land space,947.18
2023-06-17,Transport,191.36,0.0,machine son television,191.36
2023-06-17,Utilities,748.33,0.0,whose other,748.33
2023-06-19,Utilities,897.09,0.0,sell include himself produce,897.09
2023-06-21,Income,534.17,0.0,official success approach,534.17
2023-06-22,Food,310.75,0.0,apply less,310.75
2023-06-22,Rent,180.56,0.0,live way two,180.56
2023-06-23,Shopping/Ent,1941.7,0.0,raise hope enjoy most,1941.7
2023-06-25,Food,1683.19,0.0,eye something,1683.19
2023-06-25,Shopping/Ent,1931.6,0.0,which raise american truth,1931.6
2023-06-25,Income,1149.7,0.0,particular present evening establish,1149.7
2023-06-26,Transport,167.12,0.0,pressure hospital significant,167.12
2023-06-30,Food,1009.18,0.0,side mind question year finish,1009.18
2023-07-01,Utilities,249.36,0.0,story activity,249.36
2023-07-02,Utilities,1898.63,0.0,billion land detail exist cover,1898.63
2023-07-05,Investment,0.0,2078.0,begin voice prevent structure wear,0.0
2023-07-05,Other,0.0,1141.0,beat painting heavy,0.0
2023-07-06,Shopping/Ent,411.82,0.0,to receive education,411.82
2023-07-07,Utilities,1669.88,0.0,police two,1669.88
2023-07-07,Rent,183.18,0.0,realize property show either,183.18
2023-07-10,Health,1714.68,0.0,since him four,1714.68
2023-07-10,Food,1575.24,0.0,western enough key,1575.24
2023-07-10,Shopping/Ent,233.91,0.0,particular condition man,233.91
2023-07-10,Investment,0.0,1365.0,shoulder despite poor tree resource,0.0
2023-07-11,Rent,1573.63,0.0,authority number,1573.63
2023-07-13,Health,1757.01,0.0,affect marriage present a,1757.01
2023-07-15,Income,1148.33,0.0,entire record toward off,1148.33
2023-07-15,Utilities,558.07,0.0,long identify road speech,558.07
2023-07-15,Other,0.0,817.0,difficult his ready sister building,0.0
2023-07-15,Health,1384.12,0.0,four field area young,1384.12
2023-07-15,Other,0.0,2700.0,movement which ball least,0.0
2023-07-16,Food,682.35,0.0,computer always his,682.35
2023-07-17,Transport,567.89,0.0,receive to piece,567.89
2023-07-18,Rent,1945.27,0.0,be plan same cause,1945.27
2023-07-19,Transport,1948.7,0.0,rest or,1948.7
2023-07-19,Health,546.15,0.0,as music film move,546.15
2023-07-20,Rent,383.99,0.0,already argue,383.99
2023-07-21,Shopping/Ent,1484.48,0.0,brother southern project learn,1484.48
2023-07-23,Health,1643.82,0.0,scientist do author,1643.82
2023-07-25,Utilities,140.58,0.0,president likely truth animal,140.58
2023-07-26,Shopping/Ent,279.94,0.0,common anyone,279.94
2023-07-27,Food,355.74,0.0,lay color,355.74
2023-07-27,Shopping/Ent,1675.58,0.0,box organization,1675.58
2023-07-30,Income,110.61,0.0,source international,110.61
2023-08-01,Shopping/Ent,555.22,0.0,building range national focus,555.22
2023-08-04,Shopping/Ent,1274.47,0.0,or friend,1274.47
2023-08-05,Investment,0.0,2481.0,center indeed recent,0.0
2023-08-07,Income,363.39,0.0,just understand american,363.39
2023-08-07,Health,695.06,0.0,partner sing administration main according,695.06
2023-08-09,Transport,1500.43,0.0,religious order,1500.43
2023-08-09,Transport,64.63,0.0,really society live camera,64.63
2023-08-10,Investment,0.0,2313.0,mission include visit,0.0
2023-08-10,Shopping/Ent,545.48,0.0,conference matter wear physical site,545.48
2023-08-11,Food,1730.61,0.0,above dog brother morning,1730.61
2023-08-16,Food,953.45,0.0,gun seven music despite show,953.45
2023-08-17,Investment,0.0,569.0,apply both chance,0.0
2023-08-17,Transport,1428.35,0.0,computer prove amount population,1428.35
2023-08-21,Transport,853.38,0.0,itself free source,853.38
2023-08-22,Health,923.41,0.0,bit appear,923.41
2023-08-23,Transport,1357.62,0.0,citizen ahead method,1357.62
2023-08-25,Shopping/Ent,1173.13,0.0,return or for,1173.13
2023-08-27,Other,0.0,2815.0,discover body direction down,0.0
2023-08-30,Rent,968.66,0.0,heart determine likely,968.66
2023-08-30,Transport,1284.78,0.0,three certain,1284.78
2023-08-30,Transport,1315.68,0.0,hold carry rest,1315.68
2023-08-30,Transport,384.84,0.0,dark camera realize,384.84
2023-09-01,Shopping/Ent,1800.38,0.0,carry surface learn,1800.38
2023-09-01,Shopping/Ent,1324.46,0.0,detail far church some,1324.46
2023-09-03,Food,1314.25,0.0,wife talk beat tax majority,1314.25
2023-09-04,Transport,1814.75,0.0,list leg address into their,1814.75
2023-09-04,Food,1170.22,0.0,its develop until watch,1170.22
2023-09-04,Shopping/Ent,692.9,0.0,individual analysis,692.9
2023-09-07,Income,1813.99,0.0,almost most look something,1813.99
2023-09-10,Transport,1692.38,0.0,manager bar send really,1692.38
2023-09-11,Utilities,594.63,0.0,car fast positive,594.63
2023-09-11,Transport,1453.12,0.0,look fight,1453.12
2023-09-12,Utilities,1894.38,0.0,section agency lawyer sign them,1894.38
2023-09-12,Rent,452.28,0.0,smile have less,452.28
2023-09-13,Transport,846.74,0.0,audience throw four allow international,846.74
2023-09-14,Rent,949.72,0.0,hand possible relate night,949.72
2023-09-14,Health,528.51,0.0,my some skin ball thing,528.51
2023-09-14,Rent,946.37,0.0,war push thousand book half,946.37
2023-09-15,Investment,0.0,3626.0,wonder draw box,0.0
2023-09-15,Shopping/Ent,117.58,0.0,that reflect send set fly,117.58
2023-09-16,Utilities,1984.77,0.0,quite everyone as generation,1984.77
2023-09-16,Income,295.02,0.0,money but report question,295.02
2023-09-21,Utilities,1560.09,0.0,later happy pull,1560.09
2023-09-21,Utilities,633.69,0.0,throughout leader bag,633.69
2023-09-23,Other,0.0,2740.0,when baby clearly,0.0
2023-09-24,Utilities,1156.8,0.0,many themselves minute,1156.8
2023-09-28,Investment,0.0,1560.0,indicate radio use,0.0
2023-09-29,Shopping/Ent,812.75,0.0,information scene again country,812.75
2023-10-03,Shopping/Ent,19.29,0.0,strong mind from,19.29
2023-10-04,Health,1900.64,0.0,pretty skin main program,1900.64
2023-10-04,Shopping/Ent,45.65,0.0,knowledge fight car smile commercial,45.65
2023-10-05,Investment,0.0,2353.0,machine wife show,0.0
2023-10-06,Health,631.06,0.0,good lay coach,631.06
2023-10-08,Other,0.0,1868.0,expect win stuff realize project,0.0
2023-10-08,Investment,0.0,2942.0,draw american first,0.0
2023-10-08,Income,1458.39,0.0,employee continue none alone,1458.39
2023-10-09,Health,872.99,0.0,challenge large wish move,872.99
2023-10-09,Utilities,692.04,0.0,identify material,692.04
2023-10-11,Health,1502.73,0.0,until choose wife national,1502.73
2023-10-13,Other,0.0,656.0,positive far time wide,0.0
2023-10-14,Utilities,430.27,0.0,son rock two,430.27
2023-10-14,Investment,0.0,1508.0,rule too,0.0
2023-10-15,Food,756.63,0.0,bring agent pay detail group,756.63
2023-10-15,Food,1191.91,0.0,part crime,1191.91
2023-10-16,Investment,0.0,661.0,sit short cultural,0.0
2023-10-17,Investment,0.0,3914.0,support quality whatever wish hour,0.0
2023-10-17,Rent,1099.09,0.0,owner memory argue project,1099.09
2023-10-27,Utilities,418.93,0.0,respond into history,418.93
2023-10-27,Food,609.22,0.0,general final knowledge,609.22
2023-10-29,Transport,1249.37,0.0,democratic thousand,1249.37
2023-10-30,Shopping/Ent,1663.0,0.0,eye south wife interest,1663.0
2023-10-30,Investment,0.0,2815.0,structure our century,0.0
2023-11-04,Investment,0.0,4577.0,write moment friend value,0.0
2023-11-05,Investment,0.0,2654.0,according police,0.0
2023-11-08,Utilities,88.42,0.0,strategy face make,88.42
2023-11-08,Shopping/Ent,1379.53,0.0,fight nice less agree able,1379.53
2023-11-08,Shopping/Ent,722.26,0.0,company left nothing trip,722.26
2023-11-09,Shopping/Ent,15.45,0.0,what strong line,15.45
2023-11-09,Rent,1672.11,0.0,conference trade population agreement,1672.11
2023-11-11,Utilities,1899.4,0.0,yes at seat ok,1899.4
2023-11-11,Rent,1449.89,0.0,than physical live reason,1449.89
2023-11-13,Other,0.0,2393.0,mention offer suddenly clear,0.0
2023-11-14,Transport,535.61,0.0,floor there career,535.61
2023-11-14,Investment,0.0,823.0,evening information,0.0
2023-11-15,Health,1605.18,0.0,face morning,1605.18
2023-11-17,Rent,199.05,0.0,create physical share out cold,199.05
2023-11-18,Food,29.25,0.0,step rate feeling rate,29.25
2023-11-21,Investment,0.0,3192.0,move goal,0.0
2023-11-21,Income,1910.63,0.0,carry example,1910.63
2023-11-22,Rent,751.52,0.0,future treat bill choice,751.52
2023-11-23,Rent,807.55,0.0,somebody next ready,807.55
2023-11-23,Transport,1673.06,0.0,republican reduce sort individual trouble,1673.06
2023-11-26,Food,1963.32,0.0,report agreement sport,1963.32
2023-11-26,Income,1601.8,0.0,type look find,1601.8
2023-11-26,Utilities,234.98,0.0,stage threat our,234.98
2023-11-26,Rent,837.9,0.0,task central dinner,837.9
2023-11-27,Income,370.71,0.0,candidate bad real,370.71
2023-11-27,Health,1226.6,0.0,affect machine,1226.6
2023-11-28,Utilities,971.33,0.0,cultural allow,971.33
2023-11-28,Shopping/Ent,886.97,0.0,arrive budget education at property,886.97
2023-11-29,Other,0.0,601.0,turn day top,0.0
2023-12-05,Shopping/Ent,1956.01,0.0,ahead certainly second everyone,1956.01
2023-12-05,Health,1043.01,0.0,goal talk sit party,1043.01
2023-12-06,Rent,871.37,0.0,attention standard shake more respond,871.37
2023-12-08,Income,698.04,0.0,top mr wind,698.04
2023-12-09,Shopping/Ent,305.82,0.0,turn surface listen,305.82
2023-12-09,Food,33.17,0.0,pull blue strong wonder,33.17
2023-12-10,Income,1705.22,0.0,method imagine seven,1705.22
2023-12-11,Rent,1505.35,0.0,letter mind many,1505.35
2023-12-13,Health,1940.59,0.0,news american foreign,1940.59
2023-12-14,Investment,0.0,3601.0,exist outside find wish,0.0
2023-12-14,Shopping/Ent,166.87,0.0,network fact talk,166.87
2023-12-18,Income,185.16,0.0,thus sort,185.16
2023-12-20,Health,246.23,0.0,actually purpose public,246.23
2023-12-21,Food,214.26,0.0,mission put budget house,214.26
2023-12-22,Food,1653.56,0.0,ask window full,1653.56
2023-12-23,Transport,1781.32,0.0,do interesting material,1781.32
2023-12-25,Income,1901.21,0.0,event smile popular hundred live,1901.21
2023-12-26,Food,1635.01,0.0,memory challenge lawyer business,1635.01
2023-12-27,Health,1124.7,0.0,discuss wall ahead scene,1124.7
2023-12-29,Income,1436.15,0.0,question will him quickly,1436.15
2023-12-29,Income,236.91,0.0,perform benefit baby,236.91
2023-12-29,Shopping/Ent,14.37,0.0,society dark product make,14.37
2024-01-02,Transport,1099.9,0.0,gas teacher national weight all,1099.9
2024-01-02,Rent,101.1,0.0,himself fire heavy,101.1
2024-01-04,Investment,0.0,3852.0,allow news,0.0
2024-01-04,Investment,0.0,2036.0,man care resource,0.0
2024-01-07,Other,0.0,2266.0,notice make,0.0
2024-01-09,Shopping/Ent,1436.41,0.0,occur live take media hot,1436.41
2024-01-09,Other,0.0,880.0,wife pay good within fly,0.0
2024-01-10,Rent,1546.57,0.0,and student give score agree,1546.57
2024-01-11,Utilities,1928.07,0.0,best generation group goal,1928.07
2024-01-11,Investment,0.0,4045.0,doctor fine be,0.0
2024-01-11,Income,1849.5,0.0,boy college mrs,1849.5
2024-01-12,Utilities,1386.72,0.0,price institution method inside,1386.72
2024-01-13,Investment,0.0,1348.0,onto worry help hope,0.0
2024-01-14,Health,1013.18,0.0,space beyond,1013.18
2024-01-15,Shopping/Ent,554.46,0.0,market specific property coach,554.46
2024-01-16,Transport,911.16,0.0,wide cut player wind,911.16
2024-01-16,Other,0.0,4696.0,degree enter father of source,0.0
2024-01-16,Health,1426.63,0.0,behind front attack song little,1426.63
2024-01-17,Shopping/Ent,409.77,0.0,somebody prepare few sound,409.77
2024-01-19,Transport,1376.36,0.0,finish increase economy middle public,1376.36
2024-01-19,Utilities,1962.86,0.0,thing physical might,1962.86
2024-01-19,Utilities,1012.75,0.0,material produce station visit environmental,1012.75
2024-01-19,Health,1423.6,0.0,table trade various risk art,1423.6
2024-01-20,Income,1169.78,0.0,leg drive second she,1169.78
2024-01-22,Shopping/Ent,1351.74,0.0,five store ask data,1351.74
2024-01-23,Transport,1756.18,0.0,statement position either,1756.18
2024-01-24,Food,1050.23,0.0,draw change agree someone,1050.23
2024-01-25,Investment,0.0,934.0,magazine yard instead town,0.0
2024-01-26,Shopping/Ent,541.29,0.0,evening ahead smile,541.29
2024-01-26,Transport,1369.95,0.0,compare system white magazine after,1369.95
2024-01-26,Investment,0.0,2917.0,own test too imagine,0.0
2024-01-27,Food,723.78,0.0,however style,723.78
2024-01-28,Shopping/Ent,1487.4,0.0,born same usually,1487.4
2024-01-30,Shopping/Ent,1026.74,0.0,wear use edge this draw,1026.74
2024-02-01,Transport,1388.94,0.0,forget once hope security,1388.94
2024-02-06,Other,0.0,3674.0,design blood degree ever,0.0
2024-02-07,Health,1932.01,0.0,television argue mouth,1932.01
2024-02-07,Other,0.0,2163.0,nation little east everyone,0.0
2024-02-10,Income,1661.67,0.0,little happy final population,1661.67
2024-02-10,Health,1512.66,0.0,real small,1512.66
2024-02-10,Shopping/Ent,1554.53,0.0,need finally when,1554.53
2024-02-14,Transport,903.14,0.0,movement door kind,903.14
2024-02-14,Rent,382.08,0.0,until truth feeling view,382.08
2024-02-15,Investment,0.0,3590.0,decision three trouble,0.0
2024-02-16,Other,0.0,2664.0,smile ever bag single,0.0
2024-02-17,Other,0.0,546.0,say unit four institution,0.0
2024-02-19,Utilities,89.48,0.0,recognize media goal,89.48
2024-02-21,Food,1549.59,0.0,law agree appear political,1549.59
2024-02-21,Transport,986.2,0.0,able customer figure,986.2
2024-02-21,Health,155.03,0.0,book economic,155.03
2024-02-22,Shopping/Ent,1914.41,0.0,rate society floor long same,1914.41
2024-02-23,Utilities,837.7,0.0,reach step son,837.7
2024-02-23,Rent,705.31,0.0,increase consider,705.31
2024-02-24,Health,668.82,0.0,difference way type positive phone,668.82
2024-02-24,Income,1993.3,0.0,cup red collection husband,1993.3
2024-02-25,Food,238.3,0.0,employee become happy water bring,238.3
2024-02-27,Shopping/Ent,1809.95,0.0,significant up still management,1809.95
2024-02-27,Shopping/Ent,1918.2,0.0,course technology site,1918.2
2024-02-27,Health,768.93,0.0,high issue deal democratic,768.93
2024-02-28,Rent,777.89,0.0,industry impact certainly,777.89
2024-02-29,Transport,59.16,0.0,dog late eat,59.16
2024-03-02,Health,1033.48,0.0,beat light the window,1033.48
2024-03-03,Income,97.26,0.0,require remain save,97.26
2024-03-05,Shopping/Ent,647.42,0.0,believe arrive,647.42
2024-03-05,Investment,0.0,1871.0,likely great paper,0.0
2024-03-06,Rent,419.1,0.0,college manage fund,419.1
2024-03-06,Food,1257.6,0.0,effect people,1257.6
2024-03-06,Shopping/Ent,1731.25,0.0,provide car throughout american,1731.25
2024-03-07,Shopping/Ent,1296.66,0.0,bed report item,1296.66
2024-03-07,Utilities,57.27,0.0,finish without,57.27
2024-03-08,Food,184.17,0.0,security unit executive,184.17
2024-03-11,Other,0.0,1077.0,stop unit might job close,0.0
2024-03-13,Shopping/Ent,1822.86,0.0,new type pm,1822.86
2024-03-15,Income,1264.13,0.0,country approach,1264.13
2024-03-16,Food,785.11,0.0,like clear,785.11
2024-03-18,Investment,0.0,1018.0,break time manager kid,0.0
2024-03-26,Food,1404.76,0.0,leader both rest challenge,1404.76
2024-03-27,Investment,0.0,2874.0,data exist,0.0
2024-03-28,Transport,1217.07,0.0,state none production defense your,1217.07
2024-03-29,Income,769.01,0.0,short congress turn east marriage,769.01
2024-03-30,Food,953.24,0.0,ago race quite hour,953.24
2024-03-30,Utilities,1496.04,0.0,child ball store process,1496.04
2024-04-03,Transport,1920.67,0.0,western order accept wide prevent,1920.67
2024-04-04,Other,0.0,591.0,water yourself trade someone,0.0
2024-04-06,Utilities,255.24,0.0,tell soon executive,255.24
2024-04-07,Other,0.0,4900.0,natural own,0.0
2024-04-08,Rent,616.34,0.0,effort drive side human,616.34
2024-04-09,Health,431.36,0.0,clear single expect,431.36
2024-04-09,Utilities,330.3,0.0,fear song save,330.3
2024-04-10,Transport,396.71,0.0,capital program story mention majority,396.71
2024-04-10,Investment,0.0,4996.0,environmental outside bed institution,0.0
2024-04-11,Rent,588.4,0.0,control piece behavior message wind,588.4
2024-04-13,Investment,0.0,2117.0,us money positive,0.0
2024-04-16,Income,1903.56,0.0,life bad soon,1903.56
2024-04-17,Shopping/Ent,209.09,0.0,worker range feel,209.09
2024-04-17,Shopping/Ent,642.39,0.0,into notice necessary true message,642.39
2024-04-17,Transport,1389.98,0.0,including let result spend,1389.98
2024-04-18,Other,0.0,3091.0,one shoulder administration,0.0
2024-04-20,Utilities,19.62,0.0,skill successful and,19.62
2024-04-21,Shopping/Ent,1427.28,0.0,finish right serious,1427.28
2024-04-22,Transport,1681.82,0.0,space game truth special decision,1681.82
2024-04-23,Other,0.0,4431.0,else pull its adult house,0.0
2024-04-25,Health,1551.79,0.0,pretty least if,1551.79
2024-04-26,Rent,359.78,0.0,peace wind guess,359.78
2024-04-26,Transport,1718.84,0.0,because career course,1718.84
2024-04-30,Investment,0.0,2656.0,teacher decide possible,0.0
2024-05-02,Rent,1457.58,0.0,success teach mrs beat,1457.58
2024-05-03,Food,1627.16,0.0,listen against coach,1627.16
2024-05-04,Shopping/Ent,1813.54,0.0,white likely teacher one,1813.54
2024-05-04,Income,1311.28,0.0,notice street anything,1311.28
2024-05-05,Other,0.0,2329.0,piece require,0.0
2024-05-05,Transport,276.42,0.0,say other never fact,276.42
2024-05-14,Rent,799.6,0.0,main opportunity particularly question,799.6
2024-05-15,Shopping/Ent,1697.48,0.0,research month instead,1697.48
2024-05-17,Utilities,1516.84,0.0,as throughout individual list manager,1516.84
2024-05-20,Investment,0.0,1967.0,recently again explain court,0.0
2024-05-22,Utilities,1474.48,0.0,discussion detail training fund,1474.48
2024-05-23,Health,90.44,0.0,third rich hospital,90.44
2024-05-25,Shopping/Ent,135.09,0.0,somebody son suddenly perform,135.09
2024-05-26,Food,1340.49,0.0,project can,1340.49
2024-05-27,Health,782.31,0.0,paper beyond indeed,782.31
2024-05-27,Food,89.41,0.0,doctor news yourself,89.41
2024-05-31,Rent,1410.44,0.0,ground city still,1410.44
2024-06-01,Transport,1671.4,0.0,southern front,1671.4
2024-06-02,Utilities,759.55,0.0,dinner no main year size,759.55
2024-06-02,Rent,1038.16,0.0,environment character real middle prove,1038.16
2024-06-03,Shopping/Ent,1037.58,0.0,sometimes while sense window,1037.58
2024-06-04,Health,978.85,0.0,among black picture that treat,978.85
2024-06-06,Food,1008.66,0.0,remain seven marriage,1008.66
2024-06-07,Investment,0.0,2384.0,positive free case,0.0
2024-06-09,Other,0.0,2232.0,wide shoulder according strong,0.0
2024-06-10,Investment,0.0,3467.0,expert commercial entire resource,0.0
2024-06-12,Rent,1325.61,0.0,picture early send morning,1325.61
2024-06-13,Health,1443.31,0.0,soon including important,1443.31
2024-06-13,Income,963.25,0.0,some gun ahead certainly act,963.25
2024-06-14,Shopping/Ent,54.67,0.0,be fire,54.67
2024-06-15,Investment,0.0,1603.0,article service produce political,0.0
2024-06-16,Food,1782.69,0.0,within woman,1782.69
2024-06-17,Investment,0.0,2615.0,information though red,0.0
2024-06-21,Shopping/Ent,1202.72,0.0,training account evidence month,1202.72
2024-06-21,Food,1758.23,0.0,land day name small,1758.23
2024-06-22,Transport,1895.04,0.0,thought sit identify culture,1895.04
2024-06-23,Income,1735.93,0.0,already free,1735.93
2024-06-23,Other,0.0,1669.0,yeah exist behavior necessary miss,0.0
2024-06-23,Utilities,1250.19,0.0,agreement someone,1250.19
2024-06-23,Utilities,1451.13,0.0,strategy fight institution,1451.13
2024-06-23,Income,1197.1,0.0,rule success,1197.1
2024-07-01,Other,0.0,3657.0,medical buy series walk large,0.0
2024-07-05,Investment,0.0,2157.0,law work,0.0
2024-07-06,Shopping/Ent,1654.76,0.0,research visit program suddenly doctor,1654.76
2024-07-07,Utilities,956.98,0.0,project spring of,956.98
2024-07-07,Food,1756.73,0.0,mind easy foreign old,1756.73
2024-07-07,Rent,195.45,0.0,better republican stock bank,195.45
2024-07-07,Food,1794.97,0.0,thousand live land hard,1794.97
2024-07-13,Shopping/Ent,1048.87,0.0,open million house enough,1048.87
2024-07-13,Food,1398.31,0.0,you ready way rule,1398.31
2024-07-16,Income,1581.22,0.0,certain camera represent,1581.22
2024-07-20,Rent,856.72,0.0,tell brother defense list second,856.72
2024-07-21,Shopping/Ent,1821.07,0.0,tv budget system book,1821.07
2024-07-22,Other,0.0,2611.0,face mission brother figure hear,0.0
2024-07-23,Investment,0.0,4780.0,agreement central six instead,0.0
2024-07-23,Investment,0.0,3572.0,democratic standard major,0.0
2024-07-25,Health,823.6,0.0,give that individual of not,823.6
2024-07-26,Other,0.0,2577.0,little result paper seven,0.0
2024-07-26,Shopping/Ent,1133.69,0.0,seven project chance road,1133.69
2024-07-26,Shopping/Ent,1512.39,0.0,professor important do house must,1512.39
2024-07-26,Income,365.65,0.0,position tend religious,365.65
2024-07-27,Income,515.02,0.0,someone religious night buy nice,515.02
2024-07-27,Health,1550.65,0.0,my serious whatever miss seek,1550.65
2024-07-27,Utilities,1711.45,0.0,build view,1711.45
2024-07-28,Shopping/Ent,898.72,0.0,ever day,898.72
2024-07-28,Utilities,209.55,0.0,be move fly open,209.55
2024-07-29,Food,329.87,0.0,fish either boy between collection,329.87
2024-07-29,Food,1610.7,0.0,eight bed fill,1610.7
2024-07-29,Health,1603.7,0.0,future congress,1603.7
2024-07-30,Income,1852.46,0.0,arrive which consider,1852.46
2024-07-30,Rent,533.55,0.0,hope floor include,533.55
2024-08-01,Food,1451.74,0.0,heart still building,1451.74
2024-08-02,Shopping/Ent,1231.79,0.0,sell only manage,1231.79
2024-08-02,Food,1891.97,0.0,we especially five network,1891.97
2024-08-03,Income,883.55,0.0,ahead plant trial affect,883.55
2024-08-03,Transport,397.55,0.0,push east never size fight,397.55
2024-08-08,Shopping/Ent,1234.23,0.0,base player data whose,1234.23
2024-08-09,Health,486.12,0.0,world site mr interest treatment,486.12
2024-08-11,Investment,0.0,1211.0,a let,0.0
2024-08-14,Shopping/Ent,712.72,0.0,a value lot,712.72
2024-08-14,Shopping/Ent,1040.31,0.0,yourself successful defense subject,1040.31
2024-08-14,Rent,1839.16,0.0,claim move,1839.16
2024-08-15,Health,701.48,0.0,bed recognize store,701.48
2024-08-22,Shopping/Ent,1216.66,0.0,there decision measure,1216.66
2024-08-23,Other,0.0,538.0,play woman remain event,0.0
2024-08-25,Shopping/Ent,1017.41,0.0,decision where foreign trial,1017.41
2024-08-25,Transport,686.53,0.0,participant above,686.53
2024-08-25,Other,0.0,4906.0,including time reflect,0.0
2024-08-27,Transport,1391.44,0.0,ball theory prepare much throughout,1391.44
2024-08-27,Income,1542.23,0.0,good spend still,1542.23
2024-08-28,Income,1366.37,0.0,concern should recent across,1366.37
2024-08-28,Food,969.12,0.0,view know develop after,969.12
2024-08-28,Shopping/Ent,1270.99,0.0,course staff personal space,1270.99
2024-08-30,Shopping/Ent,1602.32,0.0,woman whose already,1602.32
2024-09-01,Health,1037.84,0.0,decide cultural start how thank,1037.84
2024-09-02,Other,0.0,2533.0,management necessary process not,0.0
2024-09-05,Rent,1113.56,0.0,talk thing rock ever summer,1113.56
2024-09-05,Other,0.0,3396.0,pass quite third ability interview,0.0
2024-09-05,Shopping/Ent,1350.66,0.0,assume campaign assume,1350.66
2024-09-05,Transport,373.74,0.0,item yet ever quite,373.74
2024-09-06,Shopping/Ent,1003.01,0.0,guess service this different,1003.01
2024-09-07,Investment,0.0,2674.0,mother first hot free,0.0
2024-09-08,Shopping/Ent,1671.53,0.0,wrong difficult,1671.53
2024-09-10,Health,320.43,0.0,true culture,320.43
2024-09-13,Investment,0.0,4535.0,as personal agreement,0.0
2024-09-15,Food,1697.54,0.0,or phone,1697.54
2024-09-16,Health,989.76,0.0,east list when,989.76
2024-09-17,Transport,986.7,0.0,mind door authority outside,986.7
2024-09-17,Transport,801.78,0.0,personal often,801.78
2024-09-17,Utilities,117.75,0.0,true help,117.75
2024-09-18,Income,1879.91,0.0,artist sort area,1879.91
2024-09-21,Other,0.0,3725.0,big argue,0.0
2024-09-22,Utilities,919.82,0.0,sure i pay,919.82
2024-09-23,Other,0.0,3085.0,ten skin perhaps,0.0
2024-09-24,Food,1351.47,0.0,less into per big,1351.47
2024-09-25,Rent,657.62,0.0,military onto blue activity,657.62
2024-09-26,Transport,382.43,0.0,smile cover of pm eight,382.43
2024-09-26,Transport,947.98,0.0,right know during someone,947.98
2024-09-27,Health,375.99,0.0,find job where,375.99
2024-09-27,Shopping/Ent,1404.42,0.0,on must certainly,1404.42
2024-10-01,Shopping/Ent,566.46,0.0,owner fact wife,566.46
2024-10-01,Investment,0.0,2372.0,price certain down standard nice,0.0
2024-10-02,Transport,1610.13,0.0,gas with policy cut,1610.13
2024-10-02,Shopping/Ent,400.17,0.0,country little reality level,400.17
2024-10-03,Utilities,951.24,0.0,not friend federal forget bit,951.24
2024-10-04,Other,0.0,4592.0,detail about development discover,0.0
2024-10-04,Other,0.0,4486.0,lose shoulder spring,0.0
2024-10-07,Food,802.82,0.0,hundred step according,802.82
2024-10-08,Food,438.78,0.0,group never,438.78
2024-10-09,Rent,905.21,0.0,key place tree,905.21
2024-10-10,Health,727.01,0.0,wish current,727.01
2024-10-10,Transport,694.84,0.0,despite energy company,694.84
2024-10-11,Health,1736.06,0.0,condition again successful,1736.06
2024-10-12,Shopping/Ent,1157.94,0.0,story case,1157.94
2024-10-15,Utilities,1958.95,0.0,very figure drive special,1958.95
2024-10-17,Health,1349.65,0.0,with young think there assume,1349.65
2024-10-17,Income,1780.37,0.0,some court her,1780.37
2024-10-18,Transport,932.87,0.0,outside with each animal,932.87
2024-10-19,Utilities,1284.76,0.0,take family chance,1284.76
2024-10-19,Shopping/Ent,1266.23,0.0,picture evidence,1266.23
2024-10-21,Rent,167.43,0.0,why though decide bank likely,167.43
2024-10-21,Health,640.59,0.0,meet seem population,640.59
2024-10-21,Transport,1214.72,0.0,material less focus hear,1214.72
2024-10-23,Income,1564.14,0.0,listen ok point so,1564.14
2024-10-24,Income,833.84,0.0,detail data tell,833.84
2024-10-28,Investment,0.0,1524.0,fill thousand number,0.0
2024-11-01,Transport,1881.47,0.0,nearly care base,1881.47
2024-11-02,Rent,429.04,0.0,goal once let perform international,429.04
2024-11-03,Rent,136.95,0.0,important source first him,136.95
2024-11-03,Food,62.47,0.0,doctor population grow bar,62.47
2024-11-11,Rent,216.82,0.0,national back everybody direction budget,216.82
2024-11-11,Rent,1313.12,0.0,national free,1313.12
2024-11-12,Transport,466.42,0.0,few spring raise,466.42
2024-11-13,Income,1256.7,0.0,relationship your your,1256.7
2024-11-13,Investment,0.0,734.0,across federal state,0.0
2024-11-13,Other,0.0,3164.0,state serious activity pressure,0.0
2024-11-13,Income,1950.21,0.0,dinner rich decide do,1950.21
2024-11-14,Transport,1101.61,0.0,serious reveal left social fine,1101.61
2024-11-14,Investment,0.0,4240.0,show recently decide last,0.0
2024-11-16,Shopping/Ent,1051.69,0.0,hear officer,1051.69
2024-11-17,Shopping/Ent,1611.37,0.0,different international sell several,1611.37
2024-11-17,Transport,1818.76,0.0,wall act special,1818.76
2024-11-17,Investment,0.0,500.0,with yes nothing,0.0
2024-11-17,Health,830.29,0.0,for age size,830.29
2024-11-18,Utilities,694.33,0.0,woman daughter hospital move,694.33
2024-11-18,Food,1378.66,0.0,board notice later thus,1378.66
2024-11-19,Income,606.22,0.0,bit need allow,606.22
2024-11-20,Transport,1198.04,0.0,cost attorney,1198.04
2024-11-20,Health,385.26,0.0,day fact modern,385.26
2024-11-22,Shopping/Ent,795.56,0.0,happy action,795.56
2024-11-23,Other,0.0,3599.0,hospital writer can industry,0.0
2024-11-24,Rent,850.26,0.0,western tend candidate day,850.26
2024-11-24,Transport,576.51,0.0,city offer financial data,576.51
2024-11-24,Transport,831.68,0.0,cut yard knowledge,831.68
2024-11-25,Utilities,281.88,0.0,space moment travel these least,281.88
2024-11-25,Other,0.0,4209.0,say explain,0.0
2024-11-25,Income,383.7,0.0,red republican father party,383.7
2024-11-26,Investment,0.0,4882.0,eat tonight run leader,0.0
2024-11-29,Investment,0.0,2811.0,believe recognize analysis those citizen,0.0
2024-11-30,Income,1456.94,0.0,project at risk,1456.94
2024-12-02,Utilities,39.3,0.0,in seven building hard,39.3
2024-12-05,Shopping/Ent,630.04,0.0,short for late education,630.04
2024-12-06,Health,932.73,0.0,left available,932.73
2024-12-09,Health,169.64,0.0,gas human create also,169.64
2024-12-11,Utilities,121.52,0.0,remember carry,121.52
2024-12-12,Rent,1090.95,0.0,leave bar prevent require,1090.95
2024-12-12,Other,0.0,3625.0,likely evidence claim,0.0
2024-12-15,Rent,1949.45,0.0,beyond family movement hospital back,1949.45
2024-12-16,Shopping/Ent,1544.74,0.0,child group describe,1544.74
2024-12-19,Food,406.37,0.0,democratic recent student specific political,406.37
2024-12-19,Rent,1047.07,0.0,real know our any,1047.07
2024-12-21,Income,784.35,0.0,up hear draw,784.35
2024-12-23,Health,325.64,0.0,instead writer,325.64
2024-12-28,Rent,514.09,0.0,quite as when,514.09
2024-12-28,Shopping/Ent,727.25,0.0,right analysis mention,727.25
2024-12-28,Investment,0.0,1425.0,no couple debate must,0.0
2024-12-29,Shopping/Ent,655.78,0.0,discussion black follow,655.78
2024-12-29,Other,0.0,1480.0,pressure activity defense detail,0.0
